chr	mid	recomb
chr8	50001	5.742505327325782
chr8	75001	5.857693061624299
chr8	100001	5.97253118020234
chr8	125001	6.087017949883332
chr8	150001	6.201151637490703
chr8	175001	6.314930509847882
chr8	200001	6.428352833778295
chr8	225001	6.541416876105368
chr8	250001	6.654120903652532
chr8	275001	6.766463183243217
chr8	300001	6.8784419817008455
chr8	325001	6.990055565848849
chr8	350001	7.1013022025106505
chr8	375001	7.212180158509685
chr8	400001	7.322687700669377
chr8	425001	7.432823095813151
chr8	450001	7.54258461076444
chr8	475001	7.651970512346669
chr8	500001	7.760979067383268
chr8	525001	7.869608542697662
chr8	550001	7.9778572051132794
chr8	575001	8.08572332145355
chr8	600001	8.1932051585419
chr8	625001	8.300300983201758
chr8	650001	8.407009062256552
chr8	675001	8.513327662529708
chr8	700001	8.619255050844657
chr8	725001	8.724789494024824
chr8	750001	8.829929258893639
chr8	775001	8.934672612274525
chr8	800001	9.039017820990917
chr8	825001	9.14296315186624
chr8	850001	9.246506871723916
chr8	875001	9.349647247387384
chr8	900001	9.452382545680063
chr8	925001	9.554711033425384
chr8	950001	9.656630977446776
chr8	975001	9.75814064456766
chr8	1000001	9.859238301611475
chr8	1025001	9.95992221540164
chr8	1050001	10.060190652761587
chr8	1075001	10.160041880514743
chr8	1100001	10.259474165484534
chr8	1125001	10.35848577449439
chr8	1150001	10.457074974367739
chr8	1175001	10.555240031928006
chr8	1200001	10.652979213998623
chr8	1225001	10.750290787403015
chr8	1250001	10.847173018964611
chr8	1275001	10.943624175506836
chr8	1300001	11.039642523853122
chr8	1325001	11.135226330826896
chr8	1350001	11.230373863251579
chr8	1375001	11.325083387950611
chr8	1400001	11.419353171747414
chr8	1425001	11.51318148146541
chr8	1450001	11.606566583928036
chr8	1475001	11.699506745958713
chr8	1500001	11.792000234380872
chr8	1525001	11.884045316017943
chr8	1550001	11.975640257693351
chr8	1575001	12.066783326230524
chr8	1600001	12.15747278845289
chr8	1625001	12.247706911183876
chr8	1650001	12.337483961246914
chr8	1675001	12.426802205465425
chr8	1700001	12.515659910662842
chr8	1725001	12.604055343662587
chr8	1750001	12.691986771288096
chr8	1775001	12.779452460362792
chr8	1800001	12.866450677710109
chr8	1825001	12.952979690153462
chr8	1850001	13.03903776451629
chr8	1875001	13.124623167622017
chr8	1900001	13.20973416629407
chr8	1925001	13.294369027355879
chr8	1950001	13.378526017630872
chr8	1975001	13.462203403942471
chr8	2000001	13.545399453114113
chr8	2025001	13.628112431969221
chr8	2050001	13.71034060733122
chr8	2075001	13.792082246023542
chr8	2100001	13.873335614869616
chr8	2125001	13.954098980692864
chr8	2150001	14.034370610316719
chr8	2175001	14.114148770564606
chr8	2200001	14.193431728259958
chr8	2225001	14.272217750226194
chr8	2250001	14.350505103286752
chr8	2275001	14.42829205426505
chr8	2300001	14.505576869984521
chr8	2325001	14.582357817268592
chr8	2350001	14.658633162940694
chr8	2375001	14.73440117382425
chr8	2400001	14.809660116742691
chr8	2425001	14.884408258519441
chr8	2450001	14.95864386597793
chr8	2475001	15.032365205941586
chr8	2500001	15.105570545233842
chr8	2525001	15.178258150678118
chr8	2550001	15.250426289097842
chr8	2575001	15.322073227316446
chr8	2600001	15.393197232157357
chr8	2625001	15.463796570444005
chr8	2650001	15.53386950899981
chr8	2675001	15.603414314648207
chr8	2700001	15.672429254212622
chr8	2725001	15.740912594516482
chr8	2750001	15.808862602383215
chr8	2775001	15.876277544636249
chr8	2800001	15.943155688099015
chr8	2825001	16.009495299594935
chr8	2850001	16.075294645947437
chr8	2875001	16.140551993979958
chr8	2900001	16.205265610515912
chr8	2925001	16.269433762378743
chr8	2950001	16.333054716391864
chr8	2975001	16.39612673937871
chr8	3000001	16.458648098162705
chr8	3025001	16.520617059567282
chr8	3050001	16.582031890415866
chr8	3075001	16.642890857531885
chr8	3100001	16.703192227738768
chr8	3125001	16.76293426785994
chr8	3150001	16.82211524471883
chr8	3175001	16.88073342513887
chr8	3200001	16.93878707594348
chr8	3225001	16.996274463956095
chr8	3250001	17.053193856000142
chr8	3275001	17.10954351889904
chr8	3300001	17.165321719476232
chr8	3325001	17.220526724555132
chr8	3350001	17.275156800959174
chr8	3375001	17.32921021551179
chr8	3400001	17.382685235036398
chr8	3425001	17.435580126356427
chr8	3450001	17.487893156295318
chr8	3475001	17.539622591676483
chr8	3500001	17.590766699323357
chr8	3525001	17.641323746059367
chr8	3550001	17.691291998707943
chr8	3575001	17.74066972409251
chr8	3600001	17.78945518903649
chr8	3625001	17.837646660363326
chr8	3650001	17.885242404896434
chr8	3675001	17.932240689459245
chr8	3700001	17.978639780875188
chr8	3725001	18.02443794596769
chr8	3750001	18.06963345156018
chr8	3775001	18.114224564476082
chr8	3800001	18.158208193144254
chr8	3825001	18.20158262179826
chr8	3850001	18.244352884436342
chr8	3875001	18.28652427614361
chr8	3900001	18.328102092005185
chr8	3925001	18.36909162710617
chr8	3950001	18.409498176531677
chr8	3975001	18.449327035366817
chr8	4000001	18.488583498696713
chr8	4025001	18.527272861606466
chr8	4050001	18.565400419181195
chr8	4075001	18.602971466506006
chr8	4100001	18.63999129866601
chr8	4125001	18.67646521074633
chr8	4150001	18.712398497832066
chr8	4175001	18.747796455008338
chr8	4200001	18.782664377360252
chr8	4225001	18.817007559972925
chr8	4250001	18.850831297931467
chr8	4275001	18.884140886320992
chr8	4300001	18.91694162022661
chr8	4325001	18.94923879473343
chr8	4350001	18.981037704926575
chr8	4375001	19.012343645891143
chr8	4400001	19.043161912712254
chr8	4425001	19.073497800475018
chr8	4450001	19.103356604264548
chr8	4475001	19.132743619165954
chr8	4500001	19.161664140264353
chr8	4525001	19.190123462644856
chr8	4550001	19.218126881392568
chr8	4575001	19.245679691592606
chr8	4600001	19.27278718833009
chr8	4625001	19.299454666690117
chr8	4650001	19.32568742175781
chr8	4675001	19.351490748618275
chr8	4700001	19.376869942356628
chr8	4725001	19.401830298057977
chr8	4750001	19.42637711080744
chr8	4775001	19.450515675690124
chr8	4800001	19.474251287791144
chr8	4825001	19.497589242195613
chr8	4850001	19.520534833988638
chr8	4875001	19.543093358255334
chr8	4900001	19.56527011008081
chr8	4925001	19.587070384550188
chr8	4950001	19.608499476748566
chr8	4975001	19.629562681761065
chr8	5000001	19.6502652946728
chr8	5025001	19.670612610568874
chr8	5050001	19.690609924534407
chr8	5075001	19.710262531654504
chr8	5100001	19.729575727014286
chr8	5125001	19.74855480569885
chr8	5150001	19.767205062793327
chr8	5175001	19.785531793382813
chr8	5200001	19.80354029255243
chr8	5225001	19.821235855387286
chr8	5250001	19.838623776972497
chr8	5275001	19.855709352393166
chr8	5300001	19.872497876734418
chr8	5325001	19.88899464508135
chr8	5350001	19.905204952519092
chr8	5375001	19.92113409413274
chr8	5400001	19.93678736500742
chr8	5425001	19.95217006022823
chr8	5450001	19.967287474880287
chr8	5475001	19.982144904048706
chr8	5500001	19.996747642818605
chr8	5525001	20.011100986275075
chr8	5550001	20.025210229503248
chr8	5575001	20.039080667588237
chr8	5600001	20.052717595615142
chr8	5625001	20.066126308669077
chr8	5650001	20.07931210183516
chr8	5675001	20.0922802701985
chr8	5700001	20.10503610884421
chr8	5725001	20.1175849128574
chr8	5750001	20.129931977323185
chr8	5775001	20.142082597326674
chr8	5800001	20.154042067952982
chr8	5825001	20.16581568428722
chr8	5850001	20.177408741414492
chr8	5875001	20.188826534419928
chr8	5900001	20.200074358388626
chr8	5925001	20.2111575084057
chr8	5950001	20.222081279556267
chr8	5975001	20.232850966925433
chr8	6000001	20.243471865598313
chr8	6025001	20.253728408466625
chr8	6050001	20.262858873190478
chr8	6075001	20.27081068262066
chr8	6100001	20.277597667780096
chr8	6125001	20.283233659691724
chr8	6150001	20.287732489378463
chr8	6175001	20.291107987863242
chr8	6200001	20.293373986168984
chr8	6225001	20.294544315318625
chr8	6250001	20.294632806335095
chr8	6275001	20.293653290241302
chr8	6300001	20.291619598060198
chr8	6325001	20.28854556081469
chr8	6350001	20.28444500952772
chr8	6375001	20.279331775222207
chr8	6400001	20.273219688921085
chr8	6425001	20.26612258164727
chr8	6450001	20.258054284423704
chr8	6475001	20.249028628273305
chr8	6500001	20.239059444219002
chr8	6525001	20.22816056328373
chr8	6550001	20.216345816490406
chr8	6575001	20.20362903486196
chr8	6600001	20.19002404942132
chr8	6625001	20.175544691191423
chr8	6650001	20.16020479119518
chr8	6675001	20.144018180455525
chr8	6700001	20.126998689995393
chr8	6725001	20.109160150837702
chr8	6750001	20.09051639400538
chr8	6775001	20.07108125052136
chr8	6800001	20.05086855140857
chr8	6825001	20.02989212768993
chr8	6850001	20.008165810388373
chr8	6875001	19.985703430526826
chr8	6900001	19.962518819128213
chr8	6925001	19.938625807215466
chr8	6950001	19.914038225811513
chr8	6975001	19.888769905939274
chr8	7000001	19.862834678621685
chr8	7025001	19.83624637488167
chr8	7050001	19.809018825742154
chr8	7075001	19.781165862226068
chr8	7100001	19.752701315356337
chr8	7125001	19.7236390161559
chr8	7150001	19.693992795647656
chr8	7175001	19.66377648485456
chr8	7200001	19.633003914799534
chr8	7225001	19.6016889165055
chr8	7250001	19.569845320995377
chr8	7275001	19.537486959292114
chr8	7300001	19.504627662418624
chr8	7325001	19.471281261397834
chr8	7350001	19.437461587252677
chr8	7375001	19.403182471006087
chr8	7400001	19.368457743680974
chr8	7425001	19.333301236300272
chr8	7450001	19.297726779886915
chr8	7475001	19.261748205463828
chr8	7500001	19.225379344053934
chr8	7525001	19.188634026680162
chr8	7550001	19.151526084365443
chr8	7575001	19.114069348132702
chr8	7600001	19.076277649004865
chr8	7625001	19.03816481800487
chr8	7650001	18.999744686155626
chr8	7675001	18.96103108448007
chr8	7700001	18.92203784400113
chr8	7725001	18.88277879574174
chr8	7750001	18.84326777072481
chr8	7775001	18.803518599973287
chr8	7800001	18.763545114510084
chr8	7825001	18.723361145358133
chr8	7850001	18.682980523540362
chr8	7875001	18.642417080079703
chr8	7900001	18.601684645999075
chr8	7925001	18.56079705232141
chr8	7950001	18.519768130069643
chr8	7975001	18.478611710266687
chr8	8000001	18.437341623935474
chr8	8025001	18.395971702098933
chr8	8050001	18.354515775779994
chr8	8075001	18.312987676001587
chr8	8100001	18.271401233786634
chr8	8125001	18.229770280158057
chr8	8150001	18.188108646138797
chr8	8175001	18.14643016275177
chr8	8200001	18.104748661019908
chr8	8225001	18.063077971966138
chr8	8250001	18.02143192661339
chr8	8275001	17.979824355984587
chr8	8300001	17.93826909110266
chr8	8325001	17.896779962990532
chr8	8350001	17.85537080267114
chr8	8375001	17.8140554411674
chr8	8400001	17.772847709502244
chr8	8425001	17.7317614386986
chr8	8450001	17.6908104597794
chr8	8475001	17.650008603767567
chr8	8500001	17.60936970168602
chr8	8525001	17.5689075845577
chr8	8550001	17.52863608340553
chr8	8575001	17.488569029252435
chr8	8600001	17.448720253121344
chr8	8625001	17.40910358603519
chr8	8650001	17.36973285901689
chr8	8675001	17.330621903089376
chr8	8700001	17.29178454927558
chr8	8725001	17.253234628598424
chr8	8750001	17.214985972080836
chr8	8775001	17.177052410745745
chr8	8800001	17.139447775616077
chr8	8825001	17.10218589771476
chr8	8850001	17.06528060806472
chr8	8875001	17.02874573768889
chr8	8900001	16.992595117610197
chr8	8925001	16.956842578851557
chr8	8950001	16.92150195243591
chr8	8975001	16.88658706938618
chr8	9000001	16.852111760725297
chr8	9025001	16.81808985747618
chr8	9050001	16.78453519066176
chr8	9075001	16.75146159130497
chr8	9100001	16.71888289042873
chr8	9125001	16.686812919055974
chr8	9150001	16.655265508209627
chr8	9175001	16.624196369074088
chr8	9200001	16.59274950470475
chr8	9225001	16.56064373655333
chr8	9250001	16.52788803596354
chr8	9275001	16.49449137427908
chr8	9300001	16.460462722843666
chr8	9325001	16.425811053001
chr8	9350001	16.390545336094803
chr8	9375001	16.35467454346877
chr8	9400001	16.318207646466615
chr8	9425001	16.281153616432054
chr8	9450001	16.24352142470879
chr8	9475001	16.205320042640526
chr8	9500001	16.16655844157098
chr8	9525001	16.127245592843863
chr8	9550001	16.087390467802873
chr8	9575001	16.047002037791728
chr8	9600001	16.00608927415413
chr8	9625001	15.964661148233802
chr8	9650001	15.922726631374434
chr8	9675001	15.880294694919744
chr8	9700001	15.837374310213443
chr8	9725001	15.793974448599236
chr8	9750001	15.750104081420837
chr8	9775001	15.705772180021947
chr8	9800001	15.66098771574628
chr8	9825001	15.61575965993755
chr8	9850001	15.570096983939456
chr8	9875001	15.52400865909571
chr8	9900001	15.477503656750025
chr8	9925001	15.430590948246106
chr8	9950001	15.383279504927664
chr8	9975001	15.335578298138408
chr8	10000001	15.287496299222045
chr8	10025001	15.239042479522283
chr8	10050001	15.190225810382838
chr8	10075001	15.141055263147411
chr8	10100001	15.091539809159714
chr8	10125001	15.041688419763453
chr8	10150001	14.991510066302347
chr8	10175001	14.94101372012009
chr8	10200001	14.890208352560403
chr8	10225001	14.83910293496699
chr8	10250001	14.787706438683564
chr8	10275001	14.736027835053827
chr8	10300001	14.68407609542149
chr8	10325001	14.631860191130265
chr8	10350001	14.579389093523861
chr8	10375001	14.526671773945985
chr8	10400001	14.473717203740344
chr8	10425001	14.420534354250652
chr8	10450001	14.367132196820615
chr8	10475001	14.313519702793942
chr8	10500001	14.25970584351434
chr8	10525001	14.205699590325521
chr8	10550001	14.151509914571195
chr8	10575001	14.09714578759507
chr8	10600001	14.042616180740852
chr8	10625001	13.987930065352252
chr8	10650001	13.93309641277298
chr8	10675001	13.878124194346741
chr8	10700001	13.823022381417246
chr8	10725001	13.767799945328207
chr8	10750001	13.71246585742333
chr8	10775001	13.657029089046327
chr8	10800001	13.601498611540904
chr8	10825001	13.54588339625077
chr8	10850001	13.490192414519639
chr8	10875001	13.434434637691208
chr8	10900001	13.378619037109198
chr8	10925001	13.322754584117307
chr8	10950001	13.266850250059257
chr8	10975001	13.210915006278748
chr8	11000001	13.154957824119489
chr8	11025001	13.098987674925192
chr8	11050001	13.04301353003957
chr8	11075001	12.987044360806323
chr8	11100001	12.931089138569163
chr8	11125001	12.8751568346718
chr8	11150001	12.819256420457947
chr8	11175001	12.763396867271306
chr8	11200001	12.707587146455587
chr8	11225001	12.651836229354505
chr8	11250001	12.596153087311762
chr8	11275001	12.540546691671071
chr8	11300001	12.48502601377614
chr8	11325001	12.429600024970675
chr8	11350001	12.37427769659839
chr8	11375001	12.319068000002991
chr8	11400001	12.263979906528188
chr8	11425001	12.209022387517688
chr8	11450001	12.154204414315203
chr8	11475001	12.099534958264439
chr8	11500001	12.045022990709105
chr8	11525001	11.990677482992915
chr8	11550001	11.936507406459572
chr8	11575001	11.882521732452787
chr8	11600001	11.828729432316267
chr8	11625001	11.775139477393726
chr8	11650001	11.72176083902887
chr8	11675001	11.668602488565405
chr8	11700001	11.615673397347045
chr8	11725001	11.562982536717495
chr8	11750001	11.51053887802047
chr8	11775001	11.45835139259967
chr8	11800001	11.406429051798812
chr8	11825001	11.354780826961598
chr8	11850001	11.303415689431743
chr8	11875001	11.252342610552956
chr8	11900001	11.20157056166894
chr8	11925001	11.151108514123408
chr8	11950001	11.100965439260069
chr8	11975001	11.051150308422631
chr8	12000001	11.001672092954804
chr8	12025001	10.952539764200296
chr8	12050001	10.903762293502815
chr8	12075001	10.855348652206073
chr8	12100001	10.807307811653773
chr8	12125001	10.759648743189633
chr8	12150001	10.712380418157355
chr8	12175001	10.665511807900652
chr8	12200001	10.619051883763227
chr8	12225001	10.573009617088795
chr8	12250001	10.527393979221063
chr8	12275001	10.482213941503739
chr8	12300001	10.437478475280532
chr8	12325001	10.393196551895155
chr8	12350001	10.349377142691312
chr8	12375001	10.30602921901271
chr8	12400001	10.263161752203064
chr8	12425001	10.220783713606082
chr8	12450001	10.17890407456547
chr8	12475001	10.137531806424938
chr8	12500001	10.096675880528197
chr8	12525001	10.056345268218953
chr8	12550001	10.016548940840918
chr8	12575001	9.977295869737798
chr8	12600001	9.938595026253301
chr8	12625001	9.900455381731142
chr8	12650001	9.862885907515023
chr8	12675001	9.825895574948657
chr8	12700001	9.789493355375752
chr8	12725001	9.753688220140019
chr8	12750001	9.718489140585161
chr8	12775001	9.683905088054892
chr8	12800001	9.64994503389292
chr8	12825001	9.616617949442954
chr8	12850001	9.583932806048702
chr8	12875001	9.551898575053874
chr8	12900001	9.520524227802177
chr8	12925001	9.489818735637325
chr8	12950001	9.459791069903023
chr8	12975001	9.430450201942978
chr8	13000001	9.401805103100902
chr8	13025001	9.373864744720503
chr8	13050001	9.346638098145492
chr8	13075001	9.319910622778842
chr8	13100001	9.293286213889587
chr8	13125001	9.266755902896671
chr8	13150001	9.24031856837693
chr8	13175001	9.2139730889072
chr8	13200001	9.18771834306432
chr8	13225001	9.161553209425128
chr8	13250001	9.13547656656646
chr8	13275001	9.109487293065156
chr8	13300001	9.083584267498052
chr8	13325001	9.057766368441985
chr8	13350001	9.032032474473793
chr8	13375001	9.006381464170314
chr8	13400001	8.980812216108383
chr8	13425001	8.955323608864841
chr8	13450001	8.9299145210165225
chr8	13475001	8.90458383114027
chr8	13500001	8.879330417812914
chr8	13525001	8.854153159611299
chr8	13550001	8.829050935112257
chr8	13575001	8.80402262289263
chr8	13600001	8.779067101529252
chr8	13625001	8.754183249598961
chr8	13650001	8.729369945678595
chr8	13675001	8.704626068344997
chr8	13700001	8.679950496174992
chr8	13725001	8.655342107745428
chr8	13750001	8.63079978163314
chr8	13775001	8.606322396414965
chr8	13800001	8.581908830667741
chr8	13825001	8.557557962968305
chr8	13850001	8.533268671893493
chr8	13875001	8.509039836020145
chr8	13900001	8.484870333925098
chr8	13925001	8.460759044185188
chr8	13950001	8.436704845377253
chr8	13975001	8.412706616078133
chr8	14000001	8.388763234864664
chr8	14025001	8.364873580313684
chr8	14050001	8.341036531002025
chr8	14075001	8.317250965506537
chr8	14100001	8.293515762404043
chr8	14125001	8.269829800271392
chr8	14150001	8.246191957685413
chr8	14175001	8.22260111322295
chr8	14200001	8.199056145460837
chr8	14225001	8.175555932975913
chr8	14250001	8.152099354345015
chr8	14275001	8.12868528814498
chr8	14300001	8.10531261295265
chr8	14325001	8.081980207344852
chr8	14350001	8.058686949898433
chr8	14375001	8.03543171919023
chr8	14400001	8.012213393797076
chr8	14425001	7.9890308522958104
chr8	14450001	7.9658829732632706
chr8	14475001	7.942768635276297
chr8	14500001	7.919686716911723
chr8	14525001	7.896636096746388
chr8	14550001	7.87361565335713
chr8	14575001	7.850624265320785
chr8	14600001	7.827660811214193
chr8	14625001	7.804724169614187
chr8	14650001	7.781813219097611
chr8	14675001	7.758926838241295
chr8	14700001	7.736063905622085
chr8	14725001	7.7132232998168115
chr8	14750001	7.690403899402316
chr8	14775001	7.667604582955434
chr8	14800001	7.644824229053001
chr8	14825001	7.62206171627186
chr8	14850001	7.599315923188845
chr8	14875001	7.5765857283807945
chr8	14900001	7.553870010424547
chr8	14925001	7.531167647896937
chr8	14950001	7.508477519374804
chr8	14975001	7.485798503434986
chr8	15000001	7.46312947865432
chr8	15025001	7.440469323609643
chr8	15050001	7.417816916877792
chr8	15075001	7.395171137035606
chr8	15100001	7.372530862659923
chr8	15125001	7.349894972327579
chr8	15150001	7.327262344615413
chr8	15175001	7.304631858100261
chr8	15200001	7.28200239135896
chr8	15225001	7.259372822968349
chr8	15250001	7.236742031505267
chr8	15275001	7.214108895546547
chr8	15300001	7.19147229366903
chr8	15325001	7.168831104449553
chr8	15350001	7.146184206464954
chr8	15375001	7.1235304782920705
chr8	15400001	7.1008687985077374
chr8	15425001	7.078198045688794
chr8	15450001	7.0555170984120785
chr8	15475001	7.032824835254429
chr8	15500001	7.010120134792681
chr8	15525001	6.987401875603674
chr8	15550001	6.9646689362642435
chr8	15575001	6.941920195351227
chr8	15600001	6.919154531441466
chr8	15625001	6.896370823111794
chr8	15650001	6.873567948939048
chr8	15675001	6.850744787500068
chr8	15700001	6.827900217371691
chr8	15725001	6.805033117130754
chr8	15750001	6.782142365354095
chr8	15775001	6.759226840618552
chr8	15800001	6.73628542150096
chr8	15825001	6.7133169865781595
chr8	15850001	6.690320414426987
chr8	15875001	6.6672945836242805
chr8	15900001	6.644238372746876
chr8	15925001	6.621150660371611
chr8	15950001	6.5980303250753245
chr8	15975001	6.574876245434853
chr8	16000001	6.551687300027036
chr8	16025001	6.528462367428708
chr8	16050001	6.505200326216709
chr8	16075001	6.481900054967876
chr8	16100001	6.458560432259046
chr8	16125001	6.435180336667056
chr8	16150001	6.411758646768744
chr8	16175001	6.388294241140949
chr8	16200001	6.364785998360507
chr8	16225001	6.341232797004254
chr8	16250001	6.317633515649031
chr8	16275001	6.293987032871674
chr8	16300001	6.270292227249018
chr8	16325001	6.246547977357905
chr8	16350001	6.222753161775171
chr8	16375001	6.198906659077652
chr8	16400001	6.175007347842187
chr8	16425001	6.151054106645612
chr8	16450001	6.127045814064766
chr8	16475001	6.102981348676486
chr8	16500001	6.078859589057609
chr8	16525001	6.054679413784974
chr8	16550001	6.030721188585127
chr8	16575001	6.007464823808976
chr8	16600001	5.984905382373347
chr8	16625001	5.9630291746719095
chr8	16650001	5.941822511098333
chr8	16675001	5.92127170204629
chr8	16700001	5.901363057909449
chr8	16725001	5.882082889081482
chr8	16750001	5.863417505956058
chr8	16775001	5.845353218926848
chr8	16800001	5.827876338387522
chr8	16825001	5.8109731747317515
chr8	16850001	5.794630038353207
chr8	16875001	5.7788332396455555
chr8	16900001	5.763569089002472
chr8	16925001	5.7488238968176235
chr8	16950001	5.734583973484683
chr8	16975001	5.72083562939732
chr8	17000001	5.707565174949203
chr8	17025001	5.694758920534006
chr8	17050001	5.682403176545396
chr8	17075001	5.670484253377045
chr8	17100001	5.658988461422624
chr8	17125001	5.647902111075803
chr8	17150001	5.637211512730252
chr8	17175001	5.626902976779641
chr8	17200001	5.61696281361764
chr8	17225001	5.607377333637921
chr8	17250001	5.598132847234154
chr8	17275001	5.589215664800009
chr8	17300001	5.580612096729157
chr8	17325001	5.572308453415265
chr8	17350001	5.564291045252008
chr8	17375001	5.556546182633055
chr8	17400001	5.549060175952079
chr8	17425001	5.541819335602744
chr8	17450001	5.534809971978724
chr8	17475001	5.528018395473691
chr8	17500001	5.521430916481313
chr8	17525001	5.515033845395261
chr8	17550001	5.508813492609205
chr8	17575001	5.502756168516817
chr8	17600001	5.496848183511766
chr8	17625001	5.491075847987723
chr8	17650001	5.485425472338359
chr8	17675001	5.479883366957342
chr8	17700001	5.474435842238344
chr8	17725001	5.469069208575036
chr8	17750001	5.4637697763610875
chr8	17775001	5.458523855990168
chr8	17800001	5.453317757855953
chr8	17825001	5.448137792352106
chr8	17850001	5.442970269872301
chr8	17875001	5.437801500810207
chr8	17900001	5.432617795559498
chr8	17925001	5.427405464513839
chr8	17950001	5.422150818066904
chr8	17975001	5.416840166612364
chr8	18000001	5.411459820543885
chr8	18025001	5.405996090255142
chr8	18050001	5.400435286139803
chr8	18075001	5.394763718591539
chr8	18100001	5.388967698004021
chr8	18125001	5.383033534770919
chr8	18150001	5.3769475392859025
chr8	18175001	5.370696021942645
chr8	18200001	5.364265293134811
chr8	18225001	5.357641663256077
chr8	18250001	5.3508114427001106
chr8	18275001	5.343760941860581
chr8	18300001	5.336476471131164
chr8	18325001	5.328944340905522
chr8	18350001	5.3211508615773315
chr8	18375001	5.313082343540261
chr8	18400001	5.30472509718798
chr8	18425001	5.29606543291416
chr8	18450001	5.287089661112473
chr8	18475001	5.277784092176585
chr8	18500001	5.268135036500171
chr8	18525001	5.258128804476898
chr8	18550001	5.247751706500439
chr8	18575001	5.236990052964463
chr8	18600001	5.225830154262639
chr8	18625001	5.21425832078864
chr8	18650001	5.202260862936136
chr8	18675001	5.189824091098798
chr8	18700001	5.176934315670293
chr8	18725001	5.163577847044294
chr8	18750001	5.149740995614471
chr8	18775001	5.135410071774496
chr8	18800001	5.120571385918037
chr8	18825001	5.105211248438764
chr8	18850001	5.08931596973035
chr8	18875001	5.072871860186464
chr8	18900001	5.055865230200777
chr8	18925001	5.038282390166958
chr8	18950001	5.020109650478679
chr8	18975001	5.001337803343269
chr8	19000001	4.981992602308342
chr8	19025001	4.962087009246237
chr8	19050001	4.941628813108362
chr8	19075001	4.92062580284613
chr8	19100001	4.899085767410953
chr8	19125001	4.877016495754243
chr8	19150001	4.85442577682741
chr8	19175001	4.831321399581866
chr8	19200001	4.8077111529690235
chr8	19225001	4.783602825940294
chr8	19250001	4.759004207447087
chr8	19275001	4.733923086440815
chr8	19300001	4.708367251872891
chr8	19325001	4.682344492694726
chr8	19350001	4.655862597857731
chr8	19375001	4.628929356313318
chr8	19400001	4.601552557012898
chr8	19425001	4.573739988907882
chr8	19450001	4.545499440949683
chr8	19475001	4.516838702089712
chr8	19500001	4.487765561279379
chr8	19525001	4.458287807470099
chr8	19550001	4.42841322961328
chr8	19575001	4.398149616660337
chr8	19600001	4.367504757562677
chr8	19625001	4.336486441271717
chr8	19650001	4.3051024567388625
chr8	19675001	4.273360592915531
chr8	19700001	4.24126863875313
chr8	19725001	4.208834383203072
chr8	19750001	4.1760656152167694
chr8	19775001	4.142970123745634
chr8	19800001	4.109555697741077
chr8	19825001	4.075830126154509
chr8	19850001	4.041801197937342
chr8	19875001	4.007476702040987
chr8	19900001	3.9728644274168574
chr8	19925001	3.937972163016362
chr8	19950001	3.902807697790915
chr8	19975001	3.8673788206919264
chr8	20000001	3.8316933206708095
chr8	20025001	3.795758986678975
chr8	20050001	3.759583607667831
chr8	20075001	3.7231749725887955
chr8	20100001	3.686540870393274
chr8	20125001	3.6496890900326813
chr8	20150001	3.612627420458429
chr8	20175001	3.575363650621927
chr8	20200001	3.537905569474589
chr8	20225001	3.5002609659678248
chr8	20250001	3.4624376290530465
chr8	20275001	3.424443347681666
chr8	20300001	3.386285910805094
chr8	20325001	3.347973107374744
chr8	20350001	3.3095127263420236
chr8	20375001	3.270912556658349
chr8	20400001	3.2321803872751294
chr8	20425001	3.193324007143776
chr8	20450001	3.154351205215701
chr8	20475001	3.115269770442316
chr8	20500001	3.076087491775033
chr8	20525001	3.036812158165261
chr8	20550001	2.997451558564415
chr8	20575001	2.9580134819239055
chr8	20600001	2.9185057171951425
chr8	20625001	2.8789360533295394
chr8	20650001	2.839312279278506
chr8	20675001	2.7996421839934564
chr8	20700001	2.7599335564258003
chr8	20725001	2.7201941855269496
chr8	20750001	2.6804318602483153
chr8	20775001	2.640654369541309
chr8	20800001	2.600869502357344
chr8	20825001	2.5610850476478295
chr8	20850001	2.5213087943641788
chr8	20875001	2.481548531457803
chr8	20900001	2.441812047880113
chr8	20925001	2.4021071325825205
chr8	20950001	2.362441574516437
chr8	20975001	2.3228231626332754
chr8	21000001	2.283259685884446
chr8	21025001	2.2437589332213603
chr8	21050001	2.2043286935954307
chr8	21075001	2.1649767559580666
chr8	21100001	2.125710909260683
chr8	21125001	2.086538942454689
chr8	21150001	2.047468644491496
chr8	21175001	2.0085078043225173
chr8	21200001	1.969664210899163
chr8	21225001	1.9309456531728444
chr8	21250001	1.8923599200949746
chr8	21275001	1.853914800616964
chr8	21300001	1.8156180836902245
chr8	21325001	1.7774775582661675
chr8	21350001	1.7395010132962048
chr8	21375001	1.701696237731747
chr8	21400001	1.6640710205242073
chr8	21425001	1.6266331506249962
chr8	21450001	1.5893904169855257
chr8	21475001	1.5523506085572065
chr8	21500001	1.5155215142914507
chr8	21525001	1.4789109231396704
chr8	21550001	1.4425266240532761
chr8	21575001	1.40637640598368
chr8	21600001	1.3704680578822939
chr8	21625001	1.334809368700529
chr8	21650001	1.2994081273897957
chr8	21675001	1.264272122901508
chr8	21700001	1.2294091441870756
chr8	21725001	1.1948269801979108
chr8	21750001	1.1605334198854247
chr8	21775001	1.1265362522010292
chr8	21800001	1.0928432660961354
chr8	21825001	1.0594622505221551
chr8	21850001	1.0264009944305004
chr8	21875001	0.9936672867725826
chr8	21900001	0.9612689164998124
chr8	21925001	0.9292136725636024
chr8	21950001	0.8975093439153632
chr8	21975001	0.8661637195065073
chr8	22000001	0.8351845882884459
chr8	22025001	0.8045797392125903
chr8	22050001	0.7743569612303522
chr8	22075001	0.7445240432931434
chr8	22100001	0.7150887743523746
chr8	22125001	0.6860589433594585
chr8	22150001	0.657442339265806
chr8	22175001	0.629246751022829
chr8	22200001	0.6014799675819387
chr8	22225001	0.5741497778945467
chr8	22250001	0.5472639709120642
chr8	22275001	0.5208303355859036
chr8	22300001	0.49485666086747615
chr8	22325001	0.46935073570819313
chr8	22350001	0.4443203490594664
chr8	22375001	0.41977328987270723
chr8	22400001	0.3957173470993269
chr8	22425001	0.37216030969073766
chr8	22450001	0.3491099665983509
chr8	22475001	0.32657410677357784
chr8	22500001	0.30456051916783033
chr8	22525001	0.2830769927325194
chr8	22550001	0.26213131641905735
chr8	22575001	0.24173127917885534
chr8	22600001	0.22188466996332495
chr8	22625001	0.20259927772387776
chr8	22650001	0.18388289141192526
chr8	22675001	0.16574329997887877
chr8	22700001	0.14818829237615036
chr8	22725001	0.13122565755515134
chr8	22750001	0.11486318446729323
chr8	22775001	0.09910866206398761
chr8	22800001	0.08396987929664597
chr8	22825001	0.06944511150838777
chr8	22850001	0.05549990390690172
chr8	22875001	0.04212367790750682
chr8	22900001	0.029308852527511857
chr8	22925001	0.017047846784225572
chr8	22950001	0.005333079694956708
chr8	22975001	0
chr8	23000001	0
chr8	23025001	0
chr8	23050001	0
chr8	23075001	0
chr8	23100001	0
chr8	23125001	0
chr8	23150001	0
chr8	23175001	0
chr8	23200001	0
chr8	23225001	0
chr8	23250001	0
chr8	23275001	0
chr8	23300001	0
chr8	23325001	0
chr8	23350001	0
chr8	23375001	0
chr8	23400001	0
chr8	23425001	0
chr8	23450001	0
chr8	23475001	0
chr8	23500001	0
chr8	23525001	0
chr8	23550001	0
chr8	23575001	0
chr8	23600001	0
chr8	23625001	0
chr8	23650001	0
chr8	23675001	0
chr8	23700001	0
chr8	23725001	0
chr8	23750001	0
chr8	23775001	0
chr8	23800001	0
chr8	23825001	0
chr8	23850001	0
chr8	23875001	0
chr8	23900001	0
chr8	23925001	0
chr8	23950001	0
chr8	23975001	0
chr8	24000001	0
chr8	24025001	0
chr8	24050001	0
chr8	24075001	0
chr8	24100001	0
chr8	24125001	0
chr8	24150001	0
chr8	24175001	0
chr8	24200001	0
chr8	24225001	0
chr8	24250001	0
chr8	24275001	0
chr8	24300001	0
chr8	24325001	0
chr8	24350001	0
chr8	24375001	0
chr8	24400001	0.0010696978467216733
chr8	24425001	0.008164671980974453
chr8	24450001	0.015351025807769758
chr8	24475001	0.022621178344416543
chr8	24500001	0.029967548608223343
chr8	24525001	0.037382555616499225
chr8	24550001	0.044858618386552584
chr8	24575001	0.05238815593569232
chr8	24600001	0.05996358728122725
chr8	24625001	0.06757733144046604
chr8	24650001	0.07522180743071755
chr8	24675001	0.08288943426929049
chr8	24700001	0.0905726309734935
chr8	24725001	0.09826381656063543
chr8	24750001	0.10595541004802506
chr8	24775001	0.11363983045297099
chr8	24800001	0.12130949679278222
chr8	24825001	0.1289568280847673
chr8	24850001	0.1365742433462352
chr8	24875001	0.1441541615944944
chr8	24900001	0.1516890018468538
chr8	24925001	0.15917118312062212
chr8	24950001	0.16659312443310811
chr8	24975001	0.1739472448016205
chr8	25000001	0.18122596324346824
chr8	25025001	0.18842169877595988
chr8	25050001	0.19552687041640418
chr8	25075001	0.2025338971821099
chr8	25100001	0.20943519809038597
chr8	25125001	0.21622319215854088
chr8	25150001	0.2228902984038834
chr8	25175001	0.22942893584372262
chr8	25200001	0.23583152349536696
chr8	25225001	0.2420904803761252
chr8	25250001	0.24819822550330625
chr8	25275001	0.2541471778942188
chr8	25300001	0.2599297565661715
chr8	25325001	0.26553838053647333
chr8	25350001	0.27096546882243283
chr8	25375001	0.2762034404413587
chr8	25400001	0.28124471441056
chr8	25425001	0.28608170974734515
chr8	25450001	0.2907068454690231
chr8	25475001	0.2951125405929026
chr8	25500001	0.29929121413629245
chr8	25525001	0.3032352851165012
chr8	25550001	0.30693717255083763
chr8	25575001	0.3103892954566106
chr8	25600001	0.313584072851129
chr8	25625001	0.3165139237517013
chr8	25650001	0.3191712671756365
chr8	25675001	0.3215485221402431
chr8	25700001	0.32363810766283
chr8	25725001	0.325432442760706
chr8	25750001	0.3269239464511797
chr8	25775001	0.32810503775156
chr8	25800001	0.3289681356791556
chr8	25825001	0.32950565925127534
chr8	25850001	0.32971002748522776
chr8	25875001	0.3295736593983218
chr8	25900001	0.3290889740078661
chr8	25925001	0.3282483903311695
chr8	25950001	0.3270443273855407
chr8	25975001	0.3254692041882884
chr8	26000001	0.3233685438077789
chr8	26025001	0.32055399156057807
chr8	26050001	0.31703753088735154
chr8	26075001	0.3128320504107011
chr8	26100001	0.3079504387532285
chr8	26125001	0.3024055845375353
chr8	26150001	0.2962103763862236
chr8	26175001	0.28937770292189496
chr8	26200001	0.2819204527671513
chr8	26225001	0.2738515145445941
chr8	26250001	0.26518377687682526
chr8	26275001	0.2559301283864467
chr8	26300001	0.24610345769605985
chr8	26325001	0.2357166534282667
chr8	26350001	0.22478260420566898
chr8	26375001	0.21331419865086837
chr8	26400001	0.20132432538646663
chr8	26425001	0.18882587303506565
chr8	26450001	0.17583173021926699
chr8	26475001	0.16235478556167265
chr8	26500001	0.14840792768488406
chr8	26525001	0.13400404521150336
chr8	26550001	0.119156026764132
chr8	26575001	0.10387676096537192
chr8	26600001	0.08817913643782473
chr8	26625001	0.0720760418040923
chr8	26650001	0.055580365686776365
chr8	26675001	0.03870499670847864
chr8	26700001	0.02146282349180098
chr8	26725001	0.003866734659344895
chr8	26750001	0
chr8	26775001	0
chr8	26800001	0
chr8	26825001	0
chr8	26850001	0
chr8	26875001	0
chr8	26900001	0
chr8	26925001	0
chr8	26950001	0
chr8	26975001	0
chr8	27000001	0
chr8	27025001	0
chr8	27050001	0
chr8	27075001	0
chr8	27100001	0
chr8	27125001	0
chr8	27150001	0
chr8	27175001	0
chr8	27200001	0
chr8	27225001	0
chr8	27250001	0
chr8	27275001	0
chr8	27300001	0
chr8	27325001	0
chr8	27350001	0
chr8	27375001	0
chr8	27400001	0
chr8	27425001	0
chr8	27450001	0
chr8	27475001	0
chr8	27500001	0
chr8	27525001	0
chr8	27550001	0
chr8	27575001	0
chr8	27600001	0
chr8	27625001	0
chr8	27650001	0
chr8	27675001	0
chr8	27700001	0
chr8	27725001	0
chr8	27750001	0
chr8	27775001	0
chr8	27800001	0
chr8	27825001	0
chr8	27850001	0
chr8	27875001	0
chr8	27900001	0
chr8	27925001	0
chr8	27950001	0
chr8	27975001	0
chr8	28000001	0
chr8	28025001	0
chr8	28050001	0
chr8	28075001	0
chr8	28100001	0
chr8	28125001	0
chr8	28150001	0
chr8	28175001	0
chr8	28200001	0
chr8	28225001	0
chr8	28250001	0
chr8	28275001	0
chr8	28300001	0
chr8	28325001	0
chr8	28350001	0
chr8	28375001	0
chr8	28400001	0
chr8	28425001	0
chr8	28450001	0
chr8	28475001	0
chr8	28500001	0
chr8	28525001	0
chr8	28550001	0
chr8	28575001	0
chr8	28600001	0
chr8	28625001	0
chr8	28650001	0
chr8	28675001	0
chr8	28700001	0
chr8	28725001	0
chr8	28750001	0
chr8	28775001	0
chr8	28800001	0
chr8	28825001	0
chr8	28850001	0
chr8	28875001	0
chr8	28900001	0
chr8	28925001	0
chr8	28950001	0
chr8	28975001	0
chr8	29000001	0
chr8	29025001	0
chr8	29050001	0
chr8	29075001	0
chr8	29100001	0
chr8	29125001	0
chr8	29150001	0
chr8	29175001	0
chr8	29200001	0
chr8	29225001	0
chr8	29250001	0
chr8	29275001	0
chr8	29300001	0
chr8	29325001	0
chr8	29350001	0
chr8	29375001	0
chr8	29400001	0
chr8	29425001	0
chr8	29450001	0
chr8	29475001	0
chr8	29500001	0
chr8	29525001	0
chr8	29550001	0
chr8	29575001	0
chr8	29600001	0
chr8	29625001	0
chr8	29650001	0
chr8	29675001	0
chr8	29700001	0
chr8	29725001	0
chr8	29750001	0
chr8	29775001	0
chr8	29800001	0
chr8	29825001	0
chr8	29850001	0
chr8	29875001	0
chr8	29900001	0
chr8	29925001	0
chr8	29950001	0
chr8	29975001	0
chr8	30000001	0
chr8	30025001	0
chr8	30050001	0
chr8	30075001	0
chr8	30100001	0
chr8	30125001	0
chr8	30150001	0
chr8	30175001	0
chr8	30200001	0
chr8	30225001	0
chr8	30250001	0
chr8	30275001	0
chr8	30300001	0
chr8	30325001	0
chr8	30350001	0
chr8	30375001	0
chr8	30400001	0.033291578600948404
chr8	30425001	0.07614810411997867
chr8	30450001	0.1194720008944398
chr8	30475001	0.16325657519919917
chr8	30500001	0.20749513330912633
chr8	30525001	0.25218098149908885
chr8	30550001	0.29730742604395527
chr8	30575001	0.342867773218593
chr8	30600001	0.388855329297872
chr8	30625001	0.435263400556659
chr8	30650001	0.48208529326982275
chr8	30675001	0.5293143137122323
chr8	30700001	0.576943768158755
chr8	30725001	0.6249669628842596
chr8	30750001	0.6733772041636136
chr8	30775001	0.7221677982716864
chr8	30800001	0.7713320514833454
chr8	30825001	0.8208632700734597
chr8	30850001	0.8707547603168966
chr8	30875001	0.920999828488525
chr8	30900001	0.9715917808632132
chr8	30925001	1.0225239237158295
chr8	30950001	1.0737895633212413
chr8	30975001	1.1253820059543183
chr8	31000001	1.1772945578899279
chr8	31025001	1.229520525402939
chr8	31050001	1.282053214768219
chr8	31075001	1.3348859322606366
chr8	31100001	1.38801198415506
chr8	31125001	1.441424676726358
chr8	31150001	1.4951173162493983
chr8	31175001	1.5490832089990494
chr8	31200001	1.6033156612501793
chr8	31225001	1.6578079792776559
chr8	31250001	1.712553469356349
chr8	31275001	1.7675454377611253
chr8	31300001	1.8227771907668544
chr8	31325001	1.8782420346484034
chr8	31350001	1.9339332756806416
chr8	31375001	1.989844220138436
chr8	31400001	2.0459681742966564
chr8	31425001	2.1022984444301702
chr8	31450001	2.158828336813845
chr8	31475001	2.2155511577225497
chr8	31500001	2.2724602134311547
chr8	31525001	2.3295488102145248
chr8	31550001	2.38681025434753
chr8	31575001	2.4442378521050387
chr8	31600001	2.5018249097619187
chr8	31625001	2.5595647335930387
chr8	31650001	2.6174506298732667
chr8	31675001	2.6754759048774712
chr8	31700001	2.733633864880519
chr8	31725001	2.791917816157281
chr8	31750001	2.850321064982624
chr8	31775001	2.908836917631416
chr8	31800001	2.9674586803785257
chr8	31825001	3.026179659498821
chr8	31850001	3.084993161267171
chr8	31875001	3.1438924919584443
chr8	31900001	3.202870957847508
chr8	31925001	3.2619218652092306
chr8	31950001	3.3210385203184805
chr8	31975001	3.380214229450126
chr8	32000001	3.4394422988790354
chr8	32025001	3.4987160348800774
chr8	32050001	3.5580287437281193
chr8	32075001	3.61737373169803
chr8	32100001	3.6767443050646778
chr8	32125001	3.7361337701029322
chr8	32150001	3.7955354330876583
chr8	32175001	3.8549426002937275
chr8	32200001	3.914348577996006
chr8	32225001	3.9737466724693635
chr8	32250001	4.033130189988667
chr8	32275001	4.0924924368287865
chr8	32300001	4.151826719264588
chr8	32325001	4.2111263435709425
chr8	32350001	4.270384616022718
chr8	32375001	4.329594842894779
chr8	32400001	4.388750330461997
chr8	32425001	4.44784438499924
chr8	32450001	4.506870312781376
chr8	32475001	4.565821420083274
chr8	32500001	4.624691013179801
chr8	32525001	4.683472398345825
chr8	32550001	4.742158881856215
chr8	32575001	4.800743769985841
chr8	32600001	4.8592203690095666
chr8	32625001	4.917581985202267
chr8	32650001	4.975821924838804
chr8	32675001	5.0339334941940495
chr8	32700001	5.091909999542869
chr8	32725001	5.149744747160135
chr8	32750001	5.20743104332071
chr8	32775001	5.2649621942994695
chr8	32800001	5.322331506371276
chr8	32825001	5.379532285811
chr8	32850001	5.436557838893508
chr8	32875001	5.493401471893671
chr8	32900001	5.550056491086355
chr8	32925001	5.60651620274643
chr8	32950001	5.662773913148764
chr8	32975001	5.718822928568225
chr8	33000001	5.774656555279681
chr8	33025001	5.8302680995579985
chr8	33050001	5.88565086767805
chr8	33075001	5.9407981659147
chr8	33100001	5.995703300542819
chr8	33125001	6.050359577837274
chr8	33150001	6.104760304072933
chr8	33175001	6.1588987855246655
chr8	33200001	6.212768328467339
chr8	33225001	6.266362239175824
chr8	33250001	6.319673823924984
chr8	33275001	6.3726963889896915
chr8	33300001	6.425423240644814
chr8	33325001	6.477847685165219
chr8	33350001	6.529963028825775
chr8	33375001	6.581762577901351
chr8	33400001	6.633239638666813
chr8	33425001	6.684387517397031
chr8	33450001	6.735199520366875
chr8	33475001	6.785668953851209
chr8	33500001	6.835789124124904
chr8	33525001	6.885553337462829
chr8	33550001	6.93495490013985
chr8	33575001	6.983987118430838
chr8	33600001	7.032643298610659
chr8	33625001	7.080916746954183
chr8	33650001	7.1288007697362765
chr8	33675001	7.176288673231808
chr8	33700001	7.223373763715648
chr8	33725001	7.270049347462661
chr8	33750001	7.3163087307477195
chr8	33775001	7.362145219845687
chr8	33800001	7.407552121031437
chr8	33825001	7.452522740579836
chr8	33850001	7.497050384765749
chr8	33875001	7.5411283598640475
chr8	33900001	7.5847499721496
chr8	33925001	7.627908527897273
chr8	33950001	7.6706921007385995
chr8	33975001	7.714225321753564
chr8	34000001	7.758819809563131
chr8	34025001	7.804454442253122
chr8	34050001	7.851108097909357
chr8	34075001	7.898759654617658
chr8	34100001	7.947387990463849
chr8	34125001	7.996971983533747
chr8	34150001	8.047490511913177
chr8	34175001	8.098922453687958
chr8	34200001	8.151246686943912
chr8	34225001	8.204442089766864
chr8	34250001	8.258487540242632
chr8	34275001	8.313361916457035
chr8	34300001	8.3690440964959
chr8	34325001	8.425512958445045
chr8	34350001	8.482747380390293
chr8	34375001	8.540726240417465
chr8	34400001	8.599428416612383
chr8	34425001	8.658832787060867
chr8	34450001	8.718918229848738
chr8	34475001	8.779663623061818
chr8	34500001	8.841047844785932
chr8	34525001	8.903049773106895
chr8	34550001	8.965648286110536
chr8	34575001	9.02882226188267
chr8	34600001	9.09255057850912
chr8	34625001	9.15681211407571
chr8	34650001	9.22158574666826
chr8	34675001	9.28685035437259
chr8	34700001	9.352584815274522
chr8	34725001	9.418768007459883
chr8	34750001	9.485378809014486
chr8	34775001	9.552396098024158
chr8	34800001	9.619798752574715
chr8	34825001	9.687565650751983
chr8	34850001	9.755675670641784
chr8	34875001	9.824107690329937
chr8	34900001	9.892840587902265
chr8	34925001	9.96185324144459
chr8	34950001	10.031124529042732
chr8	34975001	10.100633328782509
chr8	35000001	10.170358518749747
chr8	35025001	10.240278977030268
chr8	35050001	10.310373581709895
chr8	35075001	10.380621210874446
chr8	35100001	10.451000742609741
chr8	35125001	10.521491055001603
chr8	35150001	10.592071026135857
chr8	35175001	10.662719534098317
chr8	35200001	10.73341545697481
chr8	35225001	10.804137672851159
chr8	35250001	10.87486505981318
chr8	35275001	10.945576495946698
chr8	35300001	11.016250859337534
chr8	35325001	11.086867028071508
chr8	35350001	11.157403880234442
chr8	35375001	11.22784029391216
chr8	35400001	11.298155147190482
chr8	35425001	11.368327318155231
chr8	35450001	11.43833568489222
chr8	35475001	11.50815912548728
chr8	35500001	11.577776518026232
chr8	35525001	11.647166740594889
chr8	35550001	11.716308671279082
chr8	35575001	11.785181188164627
chr8	35600001	11.85376316933735
chr8	35625001	11.922033492883067
chr8	35650001	11.989971036887601
chr8	35675001	12.057554679436777
chr8	35700001	12.124763298616415
chr8	35725001	12.191575772512333
chr8	35750001	12.257970979210354
chr8	35775001	12.323927796796301
chr8	35800001	12.389425103355997
chr8	35825001	12.45444177697526
chr8	35850001	12.518956695739911
chr8	35875001	12.582948737735775
chr8	35900001	12.64639678104867
chr8	35925001	12.70927970376442
chr8	35950001	12.771576383968846
chr8	35975001	12.83326569974777
chr8	36000001	12.89432652918701
chr8	36025001	12.954737750372392
chr8	36050001	13.014478241389732
chr8	36075001	13.073526880324858
chr8	36100001	13.131862545263587
chr8	36125001	13.18946411429174
chr8	36150001	13.246310465495144
chr8	36175001	13.302380476959613
chr8	36200001	13.357653026770974
chr8	36225001	13.412106993015046
chr8	36250001	13.465721253777652
chr8	36275001	13.51847468714461
chr8	36300001	13.570346171201743
chr8	36325001	13.621314584034877
chr8	36350001	13.671358803729827
chr8	36375001	13.720457708372418
chr8	36400001	13.768590176048475
chr8	36425001	13.815735084843809
chr8	36450001	13.86187131284425
chr8	36475001	13.906977738135616
chr8	36500001	13.951033238803731
chr8	36525001	13.994016692934414
chr8	36550001	14.035906978613488
chr8	36575001	14.076682973926772
chr8	36600001	14.116323556960094
chr8	36625001	14.154807605799265
chr8	36650001	14.192113998530116
chr8	36675001	14.228221613238464
chr8	36700001	14.26310932801013
chr8	36725001	14.296756020930939
chr8	36750001	14.32914057008671
chr8	36775001	14.360241853563261
chr8	36800001	14.390038749446418
chr8	36825001	14.418510135822006
chr8	36850001	14.445634890775835
chr8	36875001	14.471391892393736
chr8	36900001	14.495760018761528
chr8	36925001	14.518718147965032
chr8	36950001	14.54024515809007
chr8	36975001	14.560400522400013
chr8	37000001	14.57978539979513
chr8	37025001	14.598531237499085
chr8	37050001	14.616643571972812
chr8	37075001	14.634127939677253
chr8	37100001	14.650989877073343
chr8	37125001	14.667234920622022
chr8	37150001	14.68286860678423
chr8	37175001	14.6978964720209
chr8	37200001	14.71232405279298
chr8	37225001	14.726156885561403
chr8	37250001	14.739400506787106
chr8	37275001	14.75206045293103
chr8	37300001	14.764142260454115
chr8	37325001	14.775651465817297
chr8	37350001	14.786593605481515
chr8	37375001	14.796974215907712
chr8	37400001	14.806798833556817
chr8	37425001	14.81607299488978
chr8	37450001	14.824802236367534
chr8	37475001	14.832992094451015
chr8	37500001	14.840648105601167
chr8	37525001	14.847775806278923
chr8	37550001	14.854380732945229
chr8	37575001	14.86046842206102
chr8	37600001	14.866044410087229
chr8	37625001	14.8711142334848
chr8	37650001	14.875683428714677
chr8	37675001	14.87975753223779
chr8	37700001	14.883342080515082
chr8	37725001	14.886442610007487
chr8	37750001	14.889064657175947
chr8	37775001	14.891213758481403
chr8	37800001	14.892895450384794
chr8	37825001	14.894115269347049
chr8	37850001	14.894878751829117
chr8	37875001	14.895191434291933
chr8	37900001	14.895058853196433
chr8	37925001	14.894486545003563
chr8	37950001	14.893480046174254
chr8	37975001	14.892044893169448
chr8	38000001	14.89018662245008
chr8	38025001	14.8879107704771
chr8	38050001	14.885222873711434
chr8	38075001	14.882128468614024
chr8	38100001	14.878633091645812
chr8	38125001	14.874742279267732
chr8	38150001	14.870461567940724
chr8	38175001	14.86579649412573
chr8	38200001	14.860752594283685
chr8	38225001	14.85533540487553
chr8	38250001	14.849550462362204
chr8	38275001	14.843403303204644
chr8	38300001	14.836899463863787
chr8	38325001	14.830044480800575
chr8	38350001	14.822843890475944
chr8	38375001	14.815303229350834
chr8	38400001	14.807428033886184
chr8	38425001	14.79922384054293
chr8	38450001	14.790696185782014
chr8	38475001	14.781850606064372
chr8	38500001	14.772692637850948
chr8	38525001	14.76322781760267
chr8	38550001	14.753461681780488
chr8	38575001	14.743399766845332
chr8	38600001	14.73304760925815
chr8	38625001	14.722410745479872
chr8	38650001	14.711494711971438
chr8	38675001	14.700305045193792
chr8	38700001	14.688847281607867
chr8	38725001	14.677126957674602
chr8	38750001	14.66514960985494
chr8	38775001	14.652920774609816
chr8	38800001	14.640445988400169
chr8	38825001	14.62773078768694
chr8	38850001	14.614780708931063
chr8	38875001	14.60160128859348
chr8	38900001	14.58819806313513
chr8	38925001	14.57457656901695
chr8	38950001	14.560742342699879
chr8	38975001	14.546700920644858
chr8	39000001	14.532457839312821
chr8	39025001	14.518018635164712
chr8	39050001	14.503388844661465
chr8	39075001	14.488574004264018
chr8	39100001	14.47312904483522
chr8	39125001	14.454503358964946
chr8	39150001	14.432371300552536
chr8	39175001	14.40682338396585
chr8	39200001	14.37795012357276
chr8	39225001	14.345842033741125
chr8	39250001	14.31058962883881
chr8	39275001	14.272283423233686
chr8	39300001	14.23101393129361
chr8	39325001	14.18687166738645
chr8	39350001	14.139947145880075
chr8	39375001	14.090330881142345
chr8	39400001	14.038113387541125
chr8	39425001	13.98338517944428
chr8	39450001	13.92623677121968
chr8	39475001	13.86675867723518
chr8	39500001	13.805041411858657
chr8	39525001	13.74117548945797
chr8	39550001	13.67525142440098
chr8	39575001	13.60735973105556
chr8	39600001	13.537590923789567
chr8	39625001	13.46603551697087
chr8	39650001	13.392784024967336
chr8	39675001	13.317926962146824
chr8	39700001	13.241554842877203
chr8	39725001	13.16375818152634
chr8	39750001	13.084627492462095
chr8	39775001	13.004253290052336
chr8	39800001	12.92272608866493
chr8	39825001	12.840136402667735
chr8	39850001	12.756574746428619
chr8	39875001	12.672131634315452
chr8	39900001	12.586897580696094
chr8	39925001	12.500963099938412
chr8	39950001	12.414418706410265
chr8	39975001	12.327354914479526
chr8	40000001	12.239862238514053
chr8	40025001	12.152031192881719
chr8	40050001	12.063952291950384
chr8	40075001	11.975716050087913
chr8	40100001	11.887412981662166
chr8	40125001	11.799133601041023
chr8	40150001	11.710968422592334
chr8	40175001	11.623007960683966
chr8	40200001	11.53534272968379
chr8	40225001	11.44806324395967
chr8	40250001	11.361260017879465
chr8	40275001	11.275023565811045
chr8	40300001	11.189444402122277
chr8	40325001	11.104613041181016
chr8	40350001	11.020619997355139
chr8	40375001	10.937555785012506
chr8	40400001	10.855510918520977
chr8	40425001	10.774575912248425
chr8	40450001	10.69484128056271
chr8	40475001	10.616397537831698
chr8	40500001	10.539335198423254
chr8	40525001	10.463744776705248
chr8	40550001	10.389716787045534
chr8	40575001	10.317341743811982
chr8	40600001	10.246710161372462
chr8	40625001	10.177912554094833
chr8	40650001	10.11103943634696
chr8	40675001	10.046181322496713
chr8	40700001	9.983428726911955
chr8	40725001	9.922872163960545
chr8	40750001	9.864602148010354
chr8	40775001	9.808709193429246
chr8	40800001	9.755283814585084
chr8	40825001	9.704416525845735
chr8	40850001	9.656197841579065
chr8	40875001	9.610718276152936
chr8	40900001	9.568068343935213
chr8	40925001	9.528338559293761
chr8	40950001	9.491619436596448
chr8	40975001	9.45795282098224
chr8	41000001	9.425126336328255
chr8	41025001	9.3919117811283
chr8	41050001	9.358321949861262
chr8	41075001	9.324369637006022
chr8	41100001	9.290067637041458
chr8	41125001	9.255428744446462
chr8	41150001	9.22046575369991
chr8	41175001	9.185191459280691
chr8	41200001	9.149618655667684
chr8	41225001	9.113760137339773
chr8	41250001	9.077628698775841
chr8	41275001	9.04123713445477
chr8	41300001	9.004598238855447
chr8	41325001	8.96772480645675
chr8	41350001	8.930629631737569
chr8	41375001	8.893325509176778
chr8	41400001	8.855825233253267
chr8	41425001	8.818141598445916
chr8	41450001	8.780287399233607
chr8	41475001	8.742275430095226
chr8	41500001	8.704118485509657
chr8	41525001	8.665829359955778
chr8	41550001	8.627420847912477
chr8	41575001	8.588905743858636
chr8	41600001	8.550296842273136
chr8	41625001	8.51160693763486
chr8	41650001	8.472848824422696
chr8	41675001	8.434035297115521
chr8	41700001	8.395179150192222
chr8	41725001	8.356293178131677
chr8	41750001	8.317390175412779
chr8	41775001	8.278482936514399
chr8	41800001	8.23958425591543
chr8	41825001	8.200706928094746
chr8	41850001	8.16186374753124
chr8	41875001	8.12306750870379
chr8	41900001	8.084331006091277
chr8	41925001	8.045667034172586
chr8	41950001	8.0070883874266
chr8	41975001	7.968607860332206
chr8	42000001	7.9302382473682815
chr8	42025001	7.891992343013709
chr8	42050001	7.853882941747378
chr8	42075001	7.815922838048166
chr8	42100001	7.778124826394959
chr8	42125001	7.740501701266639
chr8	42150001	7.703066257142088
chr8	42175001	7.66583128850019
chr8	42200001	7.628809589819828
chr8	42225001	7.592013955579886
chr8	42250001	7.555457180259246
chr8	42275001	7.519152058336793
chr8	42300001	7.483111384291406
chr8	42325001	7.44734795260197
chr8	42350001	7.411874557747371
chr8	42375001	7.376703994206489
chr8	42400001	7.341849056458208
chr8	42425001	7.30732253898141
chr8	42450001	7.273137236254978
chr8	42475001	7.239305942757798
chr8	42500001	7.20584145296875
chr8	42525001	7.172756561366718
chr8	42550001	7.140064062430586
chr8	42575001	7.107776750639236
chr8	42600001	7.075907420471552
chr8	42625001	7.044468866406415
chr8	42650001	7.01347388292271
chr8	42675001	6.9829352644993214
chr8	42700001	6.9528658056151285
chr8	42725001	6.9232783007490175
chr8	42750001	6.89418554437987
chr8	42775001	6.865600330986569
chr8	42800001	6.837535455047998
chr8	42825001	6.8100037110430405
chr8	42850001	6.78301789345058
chr8	42875001	6.756590796749498
chr8	42900001	6.730735215418678
chr8	42925001	6.705463943937003
chr8	42950001	6.680789776783357
chr8	42975001	6.656725508436623
chr8	43000001	6.633283933375683
chr8	43025001	6.610477846079419
chr8	43050001	6.588320041026719
chr8	43075001	6.566823312696461
chr8	43100001	6.546000455567531
chr8	43125001	6.525864264118811
chr8	43150001	6.506427532829184
chr8	43175001	6.487703056177533
chr8	43200001	6.469703628642741
chr8	43225001	6.452442044703692
chr8	43250001	6.435931098839267
chr8	43275001	6.420183585528352
chr8	43300001	6.405212299249827
chr8	43325001	6.391030034482577
chr8	43350001	6.377649585705486
chr8	43375001	6.365083747397436
chr8	43400001	6.353196709338115
chr8	43425001	6.34149141435537
chr8	43450001	6.329927940429002
chr8	43475001	6.318507732956105
chr8	43500001	6.3072322373337775
chr8	43525001	6.296102898959111
chr8	43550001	6.2851211632292046
chr8	43575001	6.2742884755411525
chr8	43600001	6.263606281292051
chr8	43625001	6.253076025878996
chr8	43650001	6.242699154699083
chr8	43675001	6.2324771131494074
chr8	43700001	6.222411346627066
chr8	43725001	6.2125033005291534
chr8	43750001	6.2027544202527665
chr8	43775001	6.1931661511949985
chr8	43800001	6.18373993875295
chr8	43825001	6.174477228323711
chr8	43850001	6.1653794653043805
chr8	43875001	6.156448095092054
chr8	43900001	6.147684563083829
chr8	43925001	6.139090314676798
chr8	43950001	6.130666795268057
chr8	43975001	6.122415450254704
chr8	44000001	6.114337725033832
chr8	44025001	6.106435065002541
chr8	44050001	6.098708915557921
chr8	44075001	6.091160722097072
chr8	44100001	6.08379193001709
chr8	44125001	6.076603984715068
chr8	44150001	6.069598331588104
chr8	44175001	6.062776416033292
chr8	44200001	6.056139683447728
chr8	44225001	6.049689579228509
chr8	44250001	6.04342754877273
chr8	44275001	6.037355037477487
chr8	44300001	6.0314734907398755
chr8	44325001	6.025784353956991
chr8	44350001	6.02028907252593
chr8	44375001	6.014989091843786
chr8	44400001	6.009885857307659
chr8	44425001	6.004980814314642
chr8	44450001	6.000275408261829
chr8	44475001	5.99577108454632
chr8	44500001	5.9914692885652086
chr8	44525001	5.987371465715588
chr8	44550001	5.983479061394559
chr8	44575001	5.9797935209992135
chr8	44600001	5.9763162899266495
chr8	44625001	5.9730488135739614
chr8	44650001	5.969992537338245
chr8	44675001	5.967148906616599
chr8	44700001	5.964519366806113
chr8	44725001	5.962105363303887
chr8	44750001	5.959908341507017
chr8	44775001	5.957929746812597
chr8	44800001	5.956171024617727
chr8	44825001	5.954633620319495
chr8	44850001	5.953318979315003
chr8	44875001	5.952228547001345
chr8	44900001	5.9513637687756145
chr8	44925001	5.950726090034913
chr8	44950001	5.95031695617633
chr8	44975001	5.950137812596964
chr8	45000001	5.950190104693912
chr8	45025001	5.950475277864266
chr8	45050001	5.950994777505125
chr8	45075001	5.951750049013585
chr8	45100001	5.952742537786739
chr8	45125001	5.953973689221687
chr8	45150001	5.955444948715519
chr8	45175001	5.957157761665336
chr8	45200001	5.9591135734682315
chr8	45225001	5.961313829521301
chr8	45250001	5.963759975221639
chr8	45275001	5.966453455966345
chr8	45300001	5.969395717152511
chr8	45325001	5.972588204177235
chr8	45350001	5.976032362437612
chr8	45375001	5.97972963733074
chr8	45400001	5.98368147425371
chr8	45425001	5.987889318603619
chr8	45450001	5.992354615777568
chr8	45475001	5.997078811172647
chr8	45500001	6.002063350185953
chr8	45525001	6.007309678214584
chr8	45550001	6.012819240655634
chr8	45575001	6.018593482906197
chr8	45600001	6.024633850363372
chr8	45625001	6.030941788424253
chr8	45650001	6.037518742485935
chr8	45675001	6.044366157945517
chr8	45700001	6.051485480200093
chr8	45725001	6.058878154646756
chr8	45750001	6.066545626682605
chr8	45775001	6.074489341704735
chr8	45800001	6.082710745110243
chr8	45825001	6.091211282296222
chr8	45850001	6.0999923986597695
chr8	45875001	6.109055539597981
chr8	45900001	6.118402150507951
chr8	45925001	6.128033676786776
chr8	45950001	6.137951563831556
chr8	45975001	6.148157257039379
chr8	46000001	6.158652201807346
chr8	46025001	6.169437843532552
chr8	46050001	6.18051562761209
chr8	46075001	6.191886999443061
chr8	46100001	6.203553404422556
chr8	46125001	6.215516287947672
chr8	46150001	6.227777095415505
chr8	46175001	6.240337272223152
chr8	46200001	6.253198263767708
chr8	46225001	6.266361515446267
chr8	46250001	6.279828472655927
chr8	46275001	6.2936005807937825
chr8	46300001	6.307679285256931
chr8	46325001	6.322066031442465
chr8	46350001	6.336762264747484
chr8	46375001	6.35176943056908
chr8	46400001	6.36708897430435
chr8	46425001	6.382722341350393
chr8	46450001	6.398670977104301
chr8	46475001	6.414936326963171
chr8	46500001	6.4315198363240995
chr8	46525001	6.44842295058418
chr8	46550001	6.465647115140511
chr8	46575001	6.483193775390186
chr8	46600001	6.501064376730302
chr8	46625001	6.5192603645579545
chr8	46650001	6.537783184270239
chr8	46675001	6.556634281264251
chr8	46700001	6.5758151009370875
chr8	46725001	6.595327088685843
chr8	46750001	6.615171689907613
chr8	46775001	6.635350349999496
chr8	46800001	6.655864514358584
chr8	46825001	6.6767156283819755
chr8	46850001	6.697905137466765
chr8	46875001	6.719433991442631
chr8	46900001	6.741278165505235
chr8	46925001	6.7634232549364075
chr8	46950001	6.785868576568182
chr8	46975001	6.808613447232587
chr8	47000001	6.8316571837616555
chr8	47025001	6.854999102987414
chr8	47050001	6.878638521741899
chr8	47075001	6.902574756857137
chr8	47100001	6.926807125165164
chr8	47125001	6.951334943498004
chr8	47150001	6.976157528687697
chr8	47175001	7.001274197566266
chr8	47200001	7.026684266965744
chr8	47225001	7.0523870537181645
chr8	47250001	7.078381874655557
chr8	47275001	7.104668046609952
chr8	47300001	7.13124488641338
chr8	47325001	7.158111710897872
chr8	47350001	7.185267836895461
chr8	47375001	7.2127125812381765
chr8	47400001	7.240445260758051
chr8	47425001	7.268465192287112
chr8	47450001	7.296771692657394
chr8	47475001	7.325364078700925
chr8	47500001	7.354241667249739
chr8	47525001	7.383403775135865
chr8	47550001	7.412849719191335
chr8	47575001	7.442578816248179
chr8	47600001	7.472590383138429
chr8	47625001	7.502883736694114
chr8	47650001	7.53345819374727
chr8	47675001	7.56431307112992
chr8	47700001	7.595447685674102
chr8	47725001	7.626861354211844
chr8	47750001	7.6585533935751755
chr8	47775001	7.690523120596131
chr8	47800001	7.722769852106739
chr8	47825001	7.755292904939031
chr8	47850001	7.78809159592504
chr8	47875001	7.821165241896791
chr8	47900001	7.854513159686323
chr8	47925001	7.888134666125662
chr8	47950001	7.9220290780468385
chr8	47975001	7.956195712281888
chr8	48000001	7.990633885662836
chr8	48025001	8.025342915021715
chr8	48050001	8.06032211719056
chr8	48075001	8.095570809001398
chr8	48100001	8.13108830728626
chr8	48125001	8.16687392887718
chr8	48150001	8.202926990606183
chr8	48175001	8.239246809305305
chr8	48200001	8.27583270180658
chr8	48225001	8.31268398494203
chr8	48250001	8.349799975543693
chr8	48275001	8.387179990443597
chr8	48300001	8.424823346473772
chr8	48325001	8.462729360466252
chr8	48350001	8.50089734925307
chr8	48375001	8.539326629666247
chr8	48400001	8.578016518537824
chr8	48425001	8.616966332699826
chr8	48450001	8.656175388984291
chr8	48475001	8.69564300422324
chr8	48500001	8.735368495248714
chr8	48525001	8.775351178892738
chr8	48550001	8.815590371987346
chr8	48575001	8.856085391364564
chr8	48600001	8.896835553856427
chr8	48625001	8.937840176294968
chr8	48650001	8.979098575512213
chr8	48675001	9.020610068340195
chr8	48700001	9.062373971610945
chr8	48725001	9.104389602156495
chr8	48750001	9.146656276808875
chr8	48775001	9.189173312400115
chr8	48800001	9.23194002576225
chr8	48825001	9.274955733727305
chr8	48850001	9.318219753127314
chr8	48875001	9.361731400794309
chr8	48900001	9.405489993560321
chr8	48925001	9.44949484825738
chr8	48950001	9.493745281717514
chr8	48975001	9.538240610772759
chr8	49000001	9.582980152255143
chr8	49025001	9.6279632229967
chr8	49050001	9.673189139829457
chr8	49075001	9.718657219585447
chr8	49100001	9.7643667790967
chr8	49125001	9.810317135195248
chr8	49150001	9.856507604713123
chr8	49175001	9.902937504482352
chr8	49200001	9.94960615133497
chr8	49225001	9.996512862103005
chr8	49250001	10.043656953618493
chr8	49275001	10.09103774271346
chr8	49300001	10.13865454621994
chr8	49325001	10.18650668096996
chr8	49350001	10.234593463795552
chr8	49375001	10.282914211528754
chr8	49400001	10.331468241001586
chr8	49425001	10.380254869046084
chr8	49450001	10.429273412494284
chr8	49475001	10.478523188178208
chr8	49500001	10.528003512929894
chr8	49525001	10.577713703581368
chr8	49550001	10.627653076964666
chr8	49575001	10.677820949911814
chr8	49600001	10.728216639254844
chr8	49625001	10.778839461825791
