snp_id	coord	allele	european_americans	african_americans	east_asians
rs1531957	134781635	T	0.213	0.08199999999999999	0.265
rs1996589	134887524	T	0.688	0.33	0.6
rs1257168	134986220	A	0.40399999999999997	0.071	0.182
rs1257220	135037675	A	0.177	0.16	0.314
rs842360	135370213	C	0.344	0.46799999999999997	0.765
rs1942043	135577820	C	0.031	0.051	0.061
rs749017	135595987	G	0.3	0.44799999999999995	0.306
rs766271	135689459	C	0.5539999999999999	0.306	0.46299999999999997
rs2322254	135773177	C	0.198	0.35	0.514
rs1551497	135809970	C	0.15	0.478	0.161
rs1031575	135880258	G	0.031	0.01	0.028999999999999998
rs2290518	135901142	G	0.8540000000000001	0.42	0.8
rs2305594	135912936	C	0.094	0.061	0.157
rs4954222	135934583	G	0.094	0.061	0.157
rs2305247	135950620	T	0.021	0.2	0.013999999999999999
rs2305248	135950640	A	0.8540000000000001	0.40399999999999997	0.818
rs935612	135963831	A	0.885	0.42	0.9259999999999999
rs4954228	135998826	A	0.8959999999999999	0.43	0.912
rs4954231	136038842	T	0.081	0.32	0.076
rs737388	136095539	C	0.021	0.21	0.013999999999999999
rs1469950	136150582	G	0.049	0.012	0.017
rs2118395	136223648	T	0.07400000000000001	0.04	0.071
rs4954259	136260322	A	0.040999999999999995	0	0.031
rs1370533	136272613	C	0.948	0.439	0.914
rs984763	136367366	A	0.025	0.04	0.071
rs2034277	136399322	C	0	0.156	0
rs958400	136403174	A	0	0.35	0
rs2289963	136428206	A	0.06	0.102	0.086
rs4954278	136430619	T	0.092	0.20800000000000002	0.091
rs1438303	136452185	T	0.094	0.184	0.514
rs313522	136453194	T	0.83	0.26	0.11800000000000001
rs313520	136462199	A	0	0.11	0
rs629377	136474052	T	0	0.13	0
rs2117511	136484989	A	0.9059999999999999	0.439	0.647
rs2304367	136489492	C	0	0.13	0
rs1347767	136507985	G	0	0.13	0
rs1438307	136521494	T	0.83	0.25	0.33299999999999996
rs3213889	136533903	G	0.826	0.265	0.353
rs2304601	136550362	A	0	0.01	0
rs2304602	136560269	G	0	0	0.043
rs1030766	136575510	A	0.083	0.45	0.271
rs1030764	136575857	T	0.865	0.47	0.629
rs1011361	136575967	A	0.833	0.28	0.35700000000000004
rs2015532	136577853	G	0.083	0.2	0.188
rs2322659	136577987	C	0.8640000000000001	0.46	0.4
rs872151	136579133	T	0.083	0.11	0.14300000000000002
rs892715	136598905	C	0.815	0.239	0.348
rs2322812	136600368	G	0.057999999999999996	0.12	0.14300000000000002
rs2874874	136600522	C	0.068	0.10400000000000001	0.147
rs2164210	136602615	C	0.813	0.245	0.371
rs1470457	136604176	G	0.156	0.457	0.382
rs730005	136605022	C	0.076	0.245	0.235
rs2322813	136605137	G	0.068	0.146	0.183
rs745500	136605520	A	0.8190000000000001	0.25	0.379
rs2236783	136616486	A	0.8190000000000001	0.25	0.32899999999999996
rs2082730	136629069	G	0	0.1	0
rs4988235	136630974	T	0.772	0.14	0
rs2304369	136631648	A	0.034	0.18	0.013999999999999999
rs309180	136636583	A	0.826	0.235	0.32899999999999996
rs309181	136637141	G	0.818	0.265	0.426
rs182549	136639082	T	0.7709999999999999	0.133	0
rs309176	136644544	C	0.8140000000000001	0.25	0.32899999999999996
rs309125	136665883	C	0.815	0.28	0.32899999999999996
rs309167	136691592	T	0.095	0.204	0.243
rs2322725	136699520	C	0.091	0.19	0.171
rs192822	136704602	T	0.857	0.4	0.32899999999999996
rs309163	136713685	A	0	0.08199999999999999	0
rs309120	136731115	G	0.08	0.39	0.486
rs3112496	136733392	T	0.083	0.39799999999999996	0.486
rs309142	136737652	C	0.081	0.391	0.484
rs522086	136757469	T	0	0.051	0
rs309118	136768552	C	0.083	0.262	0.467
rs309137	136788279	T	0.833	0.21	0.28600000000000003
rs1469816	136814744	A	0.012	0.32299999999999995	0.114
rs2090660	136841047	T	0.08800000000000001	0.122	0.17600000000000002
rs2090663	136852863	G	0	0.08199999999999999	0.013999999999999999
rs1112156	136899042	A	0	0.051	0
rs953388	136929457	T	0.125	0.051	0.32899999999999996
rs2176716	136946021	T	0.188	0.22	0.457
rs1519523	136956777	T	0.521	0.22	0.257
rs1519529	136996585	G	0.195	0.08	0
rs4440020	137012655	A	0.917	0.48	0.5
rs4075810	137025473	T	0.035	0.048	0.46399999999999997
rs4347891	137058006	G	0.031	0.327	0.19699999999999998
rs4245843	137062112	A	0.031	0.44	0.273
rs4954411	137098753	T	0.583	0.255	0.18600000000000003
rs4501004	137129075	T	0.271	0.5	0.414
rs2138140	137133257	A	0.042	0.35	0.057
rs1399604	137152993	G	0.27899999999999997	0.24	0.557
rs867563	137164828	G	0.25	0.22399999999999998	0.4
rs578935	137233319	C	0.10400000000000001	0.08	0.314
rs1346822	137236689	A	0.098	0.15	0.242
rs694510	137303189	T	0.218	0.444	0.6829999999999999
rs876338	137311475	T	0.75	0.49	0.4
rs1427588	137514654	C	0.43799999999999994	0.36	0.557
rs1346731	137634915	A	0.40299999999999997	0.198	0.20600000000000002
rs2370192	137649312	A	0.043	0.01	0
rs518614	137739179	C	0.615	0.188	0.14300000000000002
rs574135	137762448	G	0.625	0.278	0.191
rs1432232	137821992	C	0.6459999999999999	0.28	0.5429999999999999
rs882374	137935623	A	0.25	0.36	0.4
