"Chromosome","Start","End","Midpoint","House","Bactrianus","Spanish","Italian","Tree"
"chr8",1,1e+05,50000,0.000151145832326604,0.000145783410091566,0.000154329517259538,0.000130473192254474,3.36894306149332e-05
"chr8",75001,175000,125000,0.000121513542025059,0.000125260234901728,0.000112002683487,9.0726815916e-05,1.17907923912543e-05
"chr8",150001,250000,2e+05,0.000105790310446664,0.000100424077595808,0.000101718654671419,8.7439582332114e-05,2.53182053634907e-05
"chr8",225001,325000,275000,0.000121262718540638,0.000116645630190807,0.000121426392350871,0.000106556427872506,2.01071341796437e-05
"chr8",300001,4e+05,350000,9.45656133971464e-05,9.64596958040981e-05,9.76699641827333e-05,8.08295136278004e-05,1.06324037980631e-05
"chr8",375001,475000,425000,0.00010227821476039,0.000114217257199248,0.000113031357337123,9.14566904024578e-05,1.81069594941e-05
"chr8",450001,550000,5e+05,0.000157907481324035,0.000174951780229892,0.000173017609587034,NA,3.07410876112575e-05
"chr8",525001,625000,575000,0.000167069637272157,0.000168683095370063,0.000170207750730153,0.000136611285027959,2.65302157311862e-05
"chr8",600001,7e+05,650000,NA,0.000190948402025646,0.000172336659561245,0.000155008745390971,6.95369622643804e-05
"chr8",675001,775000,725000,0.000269477579070487,0.000272559575503657,0.000244057384298208,0.000223133877696493,9.11210414856046e-05
"chr8",750001,850000,8e+05,0.000114042556850491,0.000115013542107317,0.000108635452525862,9.12535879409482e-05,1.63696100032529e-05
"chr8",825001,925000,875000,6.44266534695389e-05,6.33509522746928e-05,6.14181141327833e-05,4.95947926350785e-05,1.21058091936042e-05
"chr8",900001,1e+06,950000,NA,0.000146509629270372,0.000119205371688502,0.000107458055436488,1.80021157223373e-05
"chr8",975001,1075000,1025000,0.000102436876724892,NA,NA,8.12911202958253e-05,NA
"chr8",1050001,1150000,1100000,0.000113102285745563,0.000111579981253743,0.000119950017647239,9.10030618248566e-05,2.76342856529263e-05
"chr8",1125001,1225000,1175000,0.000184285486705414,NA,NA,0.000129777860584727,NA
"chr8",1200001,1300000,1250000,0.000202623650212188,0.000219578038538863,0.000178804719532151,0.000153218858460551,3.28481164684716e-05
"chr8",1275001,1375000,1325000,0.00012695725195144,0.000142535483654722,0.000123491414396972,0.000102512126619946,2.98454840861194e-05
"chr8",1350001,1450000,1400000,0.000207038371977595,0.000210139128979145,0.000204842371551929,NA,3.28476029145931e-05
"chr8",1425001,1525000,1475000,0.00035684745922459,0.000320341451309138,0.000317279817086437,0.000255657532188318,4.60643488946425e-05
"chr8",1500001,1600000,1550000,0.000202721642453566,0.000180268271964733,0.000185038716366799,0.000155516485476886,2.70578053161428e-05
"chr8",1575001,1675000,1625000,0.000317584959695352,0.000164450548598054,0.000152137627332601,0.000128153503167157,1.82133618486499e-05
"chr8",1650001,1750000,1700000,0.000276642035955475,0.000262643043634807,0.000264226626956877,0.000216052544772926,4.79584089516187e-05
"chr8",1725001,1825000,1775000,0.000381834174822537,0.000365297372876662,0.000346589258787905,0.000309875672771905,6.07035781626749e-05
"chr8",1800001,1900000,1850000,0.00038647877862858,0.000401299862206829,0.000327586229740667,0.000301198764431376,7.03916502972297e-05
"chr8",1875001,1975000,1925000,0.000372569886265719,0.000822399711434931,0.000797092880561593,0.000296093526141969,0.000703640178124322
"chr8",1950001,2050000,2e+06,0.000416889305712507,NA,NA,0.000333942443808118,NA
"chr8",2025001,2125000,2075000,0.000318684242591012,0.000317208076455688,0.000291983999947862,0.000229729368619161,3.3534651797918e-05
"chr8",2100001,2200000,2150000,0.000309386288525069,0.000301669353793414,0.0002665145745121,0.000221658420398697,3.04292124651321e-05
"chr8",2175001,2275000,2225000,0.000251609735560474,0.000254111877066022,0.000240853178347777,0.000191609670163722,4.22206637193625e-05
"chr8",2250001,2350000,2300000,0.00034966041789571,0.000302900924361482,0.000285174340974286,NA,6.34422557012475e-05
"chr8",2325001,2425000,2375000,0.000278866672643433,0.000272673716607008,0.000260138637580127,0.000233491642599214,5.70160725307618e-05
"chr8",2400001,2500000,2450000,0.000270909594455625,0.000221485388229323,0.000225480945007401,NA,5.364414014629e-05
"chr8",2475001,2575000,2525000,0.000281715719011558,0.000213602053052389,0.000231951548286711,0.000214145071066653,3.99042508555987e-05
"chr8",2550001,2650000,2600000,0.000188558861914801,0.000181394425341281,0.000159817353626443,0.000139945464936503,1.83186404326189e-05
"chr8",2625001,2725000,2675000,0.0003408461284282,0.000255695407760751,0.000258686045584479,0.000244190275143014,5.16985364628672e-05
"chr8",2700001,2800000,2750000,0.000421133445856005,0.000305038457522798,0.000285094426202601,0.000294094584028857,6.84956496838697e-05
"chr8",2775001,2875000,2825000,0.000413141514382361,0.000872327723617193,0.000880779917471542,NA,0.000801142995524954
"chr8",2850001,2950000,2900000,0.000350359006417792,0.000327962155186033,0.000275559292526389,0.000272126260867145,5.90682131518062e-05
"chr8",2925001,3025000,2975000,0.000402289740303247,0.000404166800540266,0.0003399718085366,0.000318528337922627,7.61807489615306e-05
"chr8",3000001,3100000,3050000,0.000482180171062546,0.000474394911752849,0.000397393653172442,NA,9.94584961380461e-05
"chr8",3075001,3175000,3125000,0.000401473191728959,0.00081601763221314,0.000821467661615152,0.000297513552143138,0.000717942254138625
"chr8",3150001,3250000,3200000,0.000421197542147494,0.000402999545924857,0.000331469807271699,0.000321148135909411,0.000122728618908158
"chr8",3225001,3325000,3275000,0.000409346883101677,0.000861775212730642,0.000856398287517611,0.000311507796118728,0.000761088146659587
"chr8",3300001,3400000,3350000,0.000542222830481265,0.000548865809447962,0.000458036963361301,NA,0.000101202221309776
"chr8",3375001,3475000,3425000,0.000555418784496543,0.000525236764479956,0.000494867921604626,0.00044152320625556,9.86245015065906e-05
"chr8",3450001,3550000,3500000,0.000547945294479665,0.000531742324176018,0.000477349453984451,0.000412227681508846,0.00011304830137424
"chr8",3525001,3625000,3575000,0.000429955269724209,0.000382050836887187,0.000326661941006212,NA,8.6031840837093e-05
"chr8",3600001,3700000,3650000,0.000393808128697128,0.00078109498663159,0.000783019376397748,0.000310898950752896,0.000685906218940935
"chr8",3675001,3775000,3725000,0.000444782844049469,0.000425975974113651,0.000380704454144107,0.000322229636274418,7.45569665508278e-05
"chr8",3750001,3850000,3800000,0.000536620761431222,0.0005430463520091,0.000443400067505186,0.000386868304106947,9.02015380389048e-05
"chr8",3825001,3925000,3875000,0.000406009132646003,0.000411469866174941,0.00035435392682675,NA,9.29220999552237e-05
"chr8",3900001,4e+06,3950000,0.000294925143298328,0.000268568817521326,0.00027595245884987,NA,2.53739031511808e-05
"chr8",3975001,4075000,4025000,0.000241161861427642,0.000235823196595036,0.0002116228702821,0.000174639899559155,3.38507960096282e-05
"chr8",4050001,4150000,4100000,0.000328319814433727,0.000293710355803144,0.000262947104446414,0.000243603789923251,2.99036371088342e-05
"chr8",4125001,4225000,4175000,0.000299441194893532,0.000253817044749535,0.000290957048960102,0.00025494312331339,4.17481514597665e-05
"chr8",4200001,4300000,4250000,0.00035147386876596,0.000351825052539687,0.000300273108665203,0.000258864905633119,3.98542167498691e-05
"chr8",4275001,4375000,4325000,0.000364180699580619,0.000384819441853408,0.000318237975162276,0.000270911340119066,5.7809037479526e-05
"chr8",4350001,4450000,4400000,0.000387507254108773,0.000347865034625853,0.000294093941198842,0.000275191624469095,8.28690333374645e-05
"chr8",4425001,4525000,4475000,0.00035553867382886,0.000327993283403486,0.000321265391092079,0.000275912122212442,8.28157088290233e-05
"chr8",4500001,4600000,4550000,0.000152628920629824,0.000170643862450737,0.000161363665947133,0.000140596335466866,5.13747212158123e-05
"chr8",4575001,4675000,4625000,9.85215717459591e-05,0.000105693679943638,0.000121892312335415,9.58267447691517e-05,2.45288577537325e-05
"chr8",4650001,4750000,4700000,0.000415724240905175,0.000416954458441055,0.000368422745307446,0.000340207210042899,8.19235351205826e-05
"chr8",4725001,4825000,4775000,0.000480419786676438,0.000439965947405291,0.000389214750257105,0.000363423610164208,0.000101671161135733
"chr8",4800001,4900000,4850000,0.000452368395099843,0.000417620230936535,0.000392528010311681,0.000372900319573881,0.000103045301968808
"chr8",4875001,4975000,4925000,0.000532849626579054,0.0010999025578875,0.00110297749517233,NA,0.000971086642733761
"chr8",4950001,5050000,5e+06,0.00063310373084108,NA,NA,0.000483744229398233,NA
"chr8",5025001,5125000,5075000,0.000564313784114594,NA,NA,0.000449869022014775,NA
"chr8",5100001,5200000,5150000,0.000571958694382895,0.000531901997650216,0.000507954243166879,0.000461469812732547,0.000117520154153587
"chr8",5175001,5275000,5225000,0.000540263070224798,0.000505081906455034,0.000478119728155194,0.000430047450784649,0.000107722797966472
"chr8",5250001,5350000,5300000,0.000590267688443317,0.000574100739285553,0.000498144170851006,0.000483680447325664,0.000149754658270296
"chr8",5325001,5425000,5375000,0.000597939857648032,0.000559430497034227,0.000470628901777589,0.000456771681895692,0.000165232971381154
"chr8",5400001,5500000,5450000,0.000585408825828515,0.000535881604392474,0.000456183590565479,0.000426607201333724,0.000104939673114761
"chr8",5475001,5575000,5525000,0.000615395191048646,0.000593226860322818,0.00051311658635871,0.000481171394573623,0.000139069959509105
"chr8",5550001,5650000,5600000,0.000612028645170263,0.0005386492270229,0.000477621028971142,0.000475899359176812,0.000137111221368752
"chr8",5625001,5725000,5675000,0.000535310940454946,0.000519755433505061,0.000489383716824007,0.000423889615821518,0.000118782792290702
"chr8",5700001,5800000,5750000,0.000652654235075748,0.000614405034703647,0.000573053801788442,0.000494617403228838,8.72097615950539e-05
"chr8",5775001,5875000,5825000,0.000560682693723465,0.000491642645891819,0.000463540878090678,0.000424158999876347,9.31029904964912e-05
"chr8",5850001,5950000,5900000,0.000575804303979298,0.00053355229289704,0.000459785043447807,0.000431561820266237,0.000127159600462956
"chr8",5925001,6025000,5975000,0.000456092404742137,0.000398083657213222,0.000352414878555496,0.00034150848136651,6.82897261924218e-05
"chr8",6000001,6100000,6050000,0.00067267010705934,NA,NA,0.000473023027863653,NA
"chr8",6075001,6175000,6125000,0.000425675773200343,0.00038848605223098,0.000335599912886297,NA,6.9495319200688e-05
"chr8",6150001,6250000,6200000,0.000442336663464824,0.000891033772343453,0.000862435987460568,0.000325559321706769,0.000772353200109313
"chr8",6225001,6325000,6275000,0.000369047932074031,0.000312565002811033,0.000261768285614271,0.000276504582609168,7.53396285182448e-05
"chr8",6300001,6400000,6350000,0.000383507313485313,0.000325745808733841,0.000244592586414987,0.000266249296572486,5.76499905338189e-05
"chr8",6375001,6475000,6425000,0.000442397494704384,0.000374156477241217,0.00029040369916785,0.000297762662789982,0.000102143518593595
"chr8",6450001,6550000,6500000,0.000503547320839175,0.000433120161520314,0.000378376236281826,0.000347420629591221,6.48209459592881e-05
"chr8",6525001,6625000,6575000,0.000598160354827402,0.000461932079447802,0.000388782742469032,0.000392114846556187,0.000101733508442749
"chr8",6600001,6700000,6650000,0.00049631758130653,0.000413322502447692,0.000357212808962445,0.000322936364243263,8.44575649704562e-05
"chr8",6675001,6775000,6725000,0.000458665010637259,0.000365084639641988,0.000302092072087968,0.000292064872636145,0.000116518635873734
"chr8",6750001,6850000,6800000,0.000429442929985596,0.000368332152250387,0.000304961097792625,0.000276748634444706,0.000119835225511888
"chr8",6825001,6925000,6875000,0.000463999577485334,0.000369258373836408,0.000327507237736411,0.000313969731804675,0.0001064677583561
"chr8",6900001,7e+06,6950000,0.000432836646146544,0.000397743590146164,0.000274064002352719,0.000309287915609298,8.24017503921981e-05
"chr8",6975001,7075000,7025000,0.000355205400769587,0.000801035841903512,0.000785041263078527,NA,0.000723709875314427
"chr8",7050001,7150000,7100000,0.000438304922901581,0.000356408087863489,0.000316289363792274,0.000323580880592261,0.00010736126544549
"chr8",7125001,7225000,7175000,0.000458305961416677,0.000411778913897519,0.000301621597336827,NA,0.000134529974384019
"chr8",7200001,7300000,7250000,0.000398594173195694,0.000382769736331255,0.000297879367663219,0.000283554589785773,0.000103826075107951
"chr8",7275001,7375000,7325000,0.000398430124243415,0.000338971772028522,0.000332003935916931,0.000298216660991644,0.000110144062853299
"chr8",7350001,7450000,7400000,0.000376004676778639,0.000326365160326099,0.000271552407701609,0.000278412145333959,7.65508241401708e-05
"chr8",7425001,7525000,7475000,0.000346371557216483,NA,NA,0.000278764313176542,NA
"chr8",7500001,7600000,7550000,0.000311618083360936,0.000268686763624327,0.000255542241067902,0.000233040010007707,4.70668928474802e-05
"chr8",7575001,7675000,7625000,0.000258817541226992,0.000213957012402928,0.000227012959671878,0.000213134870918513,5.980320953718e-05
"chr8",7650001,7750000,7700000,0.000361291103099078,0.000297341501736061,0.000301783194269128,0.000289631491401661,4.42239168522974e-05
"chr8",7725001,7825000,7775000,0.000341091448853357,0.000727325406014213,0.000724851336906955,0.000256300607451351,0.000656858091182366
"chr8",7800001,7900000,7850000,0.000335050464528089,0.00029784399959128,0.000309235912740891,0.00026366761211672,7.24448603004061e-05
"chr8",7875001,7975000,7925000,0.000388385091334225,0.000321939377173516,0.000325682443740794,0.000303747951297181,4.73872712103057e-05
"chr8",7950001,8050000,8e+06,0.00025184171515004,0.000238493989135847,0.00021571988414521,0.000213822031821165,2.90591851899231e-05
"chr8",8025001,8125000,8075000,0.00032462319447957,0.000678550176009043,0.000671835787404429,0.000244939186207409,0.000574240457943416
"chr8",8100001,8200000,8150000,0.000331231856706186,0.000328674800569604,0.00030583691208836,0.0002924041595771,6.15983832793558e-05
"chr8",8175001,8275000,8225000,0.000468608740178674,0.000479859669392952,0.000427533691388444,0.000376537256988435,7.91354012507079e-05
"chr8",8250001,8350000,8300000,0.000402952744994087,0.000436459085802008,0.000375148939381987,0.000330691612667933,7.52373028758972e-05
"chr8",8325001,8425000,8375000,0.000358094675172718,0.000385275461630263,0.000364012519496755,0.000295438323287821,6.15459262651373e-05
"chr8",8400001,8500000,8450000,0.000309223795391478,0.000343508480419318,0.00032934691198306,0.000274171952283736,9.57655667349907e-05
"chr8",8475001,8575000,8525000,0.000317206860347747,0.00037874126109464,0.000289054686330037,0.000284263937219323,9.6977446741771e-05
"chr8",8550001,8650000,8600000,0.000217808648301225,0.000252451981708304,0.000222624585521358,0.000202408871508041,5.58002431311348e-05
"chr8",8625001,8725000,8675000,0.000175582172109046,0.000173446818110043,0.000166705503129126,NA,2.84783366714225e-05
"chr8",8700001,8800000,8750000,0.000350020054226962,0.000291397101794875,0.000299421304531284,0.000268245756931671,8.1655340651498e-05
"chr8",8775001,8875000,8825000,0.000530682097802898,0.000445582782549919,0.000448278562148583,0.000992597153903801,0.000114311156547734
"chr8",8850001,8950000,8900000,0.000657935033952023,0.00059986664783263,0.000546141073306577,0.000477570988545974,0.000122380850998734
"chr8",8925001,9025000,8975000,0.000548516041131569,0.000511006707330238,0.000433971231969013,0.000402400359078532,8.58274410337836e-05
"chr8",9000001,9100000,9050000,0.000485246856879467,0.000475170637822913,0.000411118089899814,0.000394749726364862,0.000100876158930704
"chr8",9075001,9175000,9125000,0.000461682112697678,0.000437836289631495,0.000363104149165091,0.000332100626643773,0.000107623792503434
"chr8",9150001,9250000,9200000,0.000274295494071576,0.000265601061357744,0.00024507175178936,0.000241251408027787,7.95991781279568e-05
"chr8",9225001,9325000,9275000,0.000150507680704896,0.000181252495908419,0.000150931311644754,0.000134507646067714,3.73738323901529e-05
"chr8",9300001,9400000,9350000,0.000342812957589268,0.000320140737259198,0.000287641191049612,0.000265598178630547,6.42843988134606e-05
"chr8",9375001,9475000,9425000,0.000174327046775707,0.00016789215458414,0.000130853336909153,0.000135479384204717,2.59510398102637e-05
"chr8",9450001,9550000,9500000,0.000243548715060145,0.000269731992353374,0.000249993522238279,0.000227941022328761,7.40171369150152e-05
"chr8",9525001,9625000,9575000,0.00028556260015918,0.000313225622312457,0.000266128734641341,0.000262964182590913,5.1170835571838e-05
"chr8",9600001,9700000,9650000,0.000208819989653062,0.000491167139946128,0.000483698958004455,0.000184320241360813,0.000424335854235653
"chr8",9675001,9775000,9725000,0.000273834174744062,0.000262856108082902,0.000245045404844143,0.000216071127786267,7.62276414272805e-05
"chr8",9750001,9850000,9800000,0.000365181067912055,0.000342109114684382,0.000311078482378985,0.000748171524140168,9.9081234766984e-05
"chr8",9825001,9925000,9875000,0.000192147561844265,0.000182502725583057,0.000184545385345805,0.000164901603342309,3.23216822266965e-05
"chr8",9900001,1e+07,9950000,0.000108469459744863,0.000135388951081955,0.000124777978528975,0.000109666028664049,2.97406332533547e-05
"chr8",9975001,10075000,10025000,0.000203665533994069,0.00024745271937292,0.000198987329660244,0.000204294928455564,5.90619042979221e-05
"chr8",10050001,10150000,10100000,0.000414686399265827,NA,NA,0.000349884998211926,NA
"chr8",10125001,10225000,10175000,0.00050406184296805,0.000446065455234151,0.00036755805661747,0.000394141528146103,5.22853323793849e-05
"chr8",10200001,10300000,10250000,0.000298947604646019,0.000280096963823297,0.000238802534097795,0.000268278447726101,8.14458121584751e-05
"chr8",10275001,10375000,10325000,0.000275004066886067,0.000245665066442942,0.00023552992856789,0.000248075728133579,6.24921325458658e-05
"chr8",10350001,10450000,10400000,0.000348228127523667,0.000290775490666004,0.000249465033988517,0.000749893912937988,9.23494581419236e-05
"chr8",10425001,10525000,10475000,0.000424224888668739,0.000348193135452825,0.000314068371891869,0.000343971765979343,5.46010550482361e-05
"chr8",10500001,10600000,10550000,0.000385758680521992,0.000292982333630903,0.000219363031236226,0.000319277415078981,0.000103087420870664
"chr8",10575001,10675000,10625000,0.00031525674671329,0.000283107548202061,0.000232371199580072,0.00025650646806555,9.45515112790319e-05
"chr8",10650001,10750000,10700000,0.000267433678860964,0.000308076612333967,0.000250793912890815,0.000239631184644679,5.78010825753214e-05
"chr8",10725001,10825000,10775000,0.000290382852805811,0.000303464447707402,0.000267704406984828,0.000252860319826317,9.40747292377152e-05
"chr8",10800001,10900000,10850000,0.00036996943204872,0.00031038169033807,0.000335408352763755,0.000306715574582967,0.00011151268430459
"chr8",10875001,10975000,10925000,0.000509196177287475,0.000394194788315372,0.000391235009998693,0.000374546155850177,0.00014633586371334
"chr8",10950001,11050000,1.1e+07,0.00138742442521551,0.000484285646082664,0.000455056874842206,0.000474190293990633,0.000165828449231744
"chr8",11025001,11125000,11075000,0.000566553249476618,0.000448003929595248,0.000388922990189673,0.000427167847280513,0.000146078036424722
"chr8",11100001,11200000,11150000,0.000572964165060089,0.000470581829832448,0.000381948167730093,0.000442611800209253,0.00018141004631459
"chr8",11175001,11275000,11225000,0.000577816161137615,0.000425585039603166,0.000346288595350189,0.000414844837946953,0.000144654098979528
"chr8",11250001,11350000,11300000,0.00053671850883178,0.000433234558334302,0.000375389532216719,0.000389270299179171,0.000147615833138391
"chr8",11325001,11425000,11375000,0.000490810587570723,0.000421866662554941,0.000371848062890912,0.000381637327306205,0.000125218164216408
"chr8",11400001,11500000,11450000,0.000512591048263082,0.000443750409033103,0.00039452166848358,0.00037408887701923,0.000123948341237892
"chr8",11475001,11575000,11525000,0.000649645434835665,NA,NA,0.000467446844729081,NA
"chr8",11550001,11650000,11600000,0.000530502176463991,0.000452185193606971,0.000345402404111973,0.000382615576224107,0.000131377087256765
"chr8",11625001,11725000,11675000,0.000681170824303107,0.000590706254104069,0.000481445211703001,0.000535297459984451,0.000141659842594324
"chr8",11700001,11800000,11750000,0.000596151324749789,NA,NA,0.000473705397827275,NA
"chr8",11775001,11875000,11825000,0.000511056386942299,0.000350167747875014,0.000329615737462166,0.000407628713558623,0.000141162538000287
"chr8",11850001,11950000,11900000,0.000537157383189383,0.000401765247557526,0.000279936373425184,0.000449365561957874,0.00013759402653411
"chr8",11925001,12025000,11975000,0.00051777544098224,0.000378122572548725,0.000272723853164505,0.000421347840445858,7.03495646699431e-05
"chr8",12000001,12100000,12050000,0.000508901657302775,0.000329391711717934,0.000275494179168362,0.000380576510062762,9.74624279970644e-05
"chr8",12075001,12175000,12125000,0.00044091171180609,0.000250894877637311,0.000202431156555585,0.000330357129072642,9.17719714499134e-05
"chr8",12150001,12250000,12200000,0.000550630899680001,0.000295260385767392,0.000285934860375917,0.000391910476438391,9.45672833320582e-05
"chr8",12225001,12325000,12275000,0.00051618629153258,0.000280709604426134,0.000303449654533445,0.000377907914890659,6.87185987598426e-05
"chr8",12300001,12400000,12350000,0.000446468550109899,0.00031455085441287,0.000280164418256885,0.000355343981300062,7.76154061842207e-05
"chr8",12375001,12475000,12425000,0.000431593756968177,0.000296942753254953,0.000321367923797451,0.000382835451633231,0.000108680204758982
"chr8",12450001,12550000,12500000,0.000404813703814979,0.000307959257423844,0.000314343053481014,0.00038321940081703,9.60973269514879e-05
"chr8",12525001,12625000,12575000,0.000383859060052642,NA,NA,NA,NA
"chr8",12600001,12700000,12650000,0.00030708739627535,0.000274308220499329,0.000226071424014071,0.000309028355499474,3.54340737211959e-05
"chr8",12675001,12775000,12725000,0.00026675261256454,0.000185014953302,0.000244875704504682,0.000242636530457523,4.0328745613854e-05
"chr8",12750001,12850000,12800000,0.000287620943837201,0.000221920252098739,0.000231081661798701,0.000270408191145645,2.32178521591418e-05
"chr8",12825001,12925000,12875000,0.000258284528538505,0.00021328912165716,0.000138179024359294,NA,4.29590532835458e-05
"chr8",12900001,1.3e+07,12950000,0.000380455249122644,0.000262389512813079,0.000205653995150582,0.000309277362863714,6.61828038542296e-05
"chr8",12975001,13075000,13025000,0.000391282302273084,0.000260325765835024,0.000191431479917701,0.000286525585361312,7.65490589177679e-05
"chr8",13050001,13150000,13100000,0.000363513284837354,0.000216155466214774,0.000249149835478263,0.000280689377001623,9.22899657010897e-05
"chr8",13125001,13225000,13175000,0.000501614085790709,NA,NA,0.000356913760472454,NA
"chr8",13200001,13300000,13250000,0.000486264835626252,0.000339351770898891,0.000215931283999075,0.000375747692632748,8.28298685032395e-05
"chr8",13275001,13375000,13325000,0.000452113665488581,0.0002432009467481,0.000223068669976029,0.000343573369256771,8.4827445127411e-05
"chr8",13350001,13450000,13400000,0.000408438655308303,0.000275863859479316,0.000208260291843483,0.000314424042482883,9.71441566104914e-05
"chr8",13425001,13525000,13475000,0.000461878630528821,0.000276673283923309,0.000296165240381721,0.000366203266085743,8.3875659941643e-05
"chr8",13500001,13600000,13550000,0.000502040140994527,0.000323264441319384,0.000325889758352532,0.000375486257036185,9.55104607647871e-05
"chr8",13575001,13675000,13625000,0.000513258926932006,0.000410374749844706,0.000392394827631651,0.000370464483120918,9.58399258388547e-05
"chr8",13650001,13750000,13700000,0.000428683339014878,0.000340583527295614,0.000283669447827724,0.00030533565077147,6.31805798903164e-05
"chr8",13725001,13825000,13775000,0.000476403804346989,0.000425562584231807,0.000354769998146174,0.00036574120882434,0.000138470173103511
"chr8",13800001,13900000,13850000,0.000529895392452918,0.000473156437691961,0.00031819758434774,0.000415843826552072,0.000188184815812664
"chr8",13875001,13975000,13925000,0.000601275232085632,0.00058118136137289,0.000348964147289517,0.000465762075744414,0.000184142522204918
"chr8",13950001,14050000,1.4e+07,0.000474653592988471,0.000464270960610789,0.000376016067823857,NA,0.000126206211788661
"chr8",14025001,14125000,14075000,0.000447151891105997,0.000404503065533935,0.000323786753778417,0.000341634786768427,0.000115041947927118
"chr8",14100001,14200000,14150000,0.000429429301568082,NA,NA,0.000334432914989553,NA
"chr8",14175001,14275000,14225000,0.00072458605767783,0.000602956917660116,0.00054532593260774,0.000568016426182062,0.000122548967976538
"chr8",14250001,14350000,14300000,0.000719347892599082,0.000602119792688603,0.000529965347886665,0.00130071404938557,0.000129225486467606
"chr8",14325001,14425000,14375000,0.000569494727735097,NA,NA,0.000401736985310452,NA
"chr8",14400001,14500000,14450000,0.000603307318950765,0.00127566121466454,0.0012354131825167,0.000433911832786257,0.00108163714920891
"chr8",14475001,14575000,14525000,0.00047547491365903,0.000421572706695205,0.000340475848772344,0.000350294487090838,8.53533808995456e-05
"chr8",14550001,14650000,14600000,0.000260867300307939,0.000212021802951487,0.000177892685567179,0.000198638516471379,6.42793495245697e-05
"chr8",14625001,14725000,14675000,0.00048533035426199,0.00036728311815145,0.000285891205873446,0.00038326518375911,5.83909138472868e-05
"chr8",14700001,14800000,14750000,0.000429951155277825,0.00033201310505813,0.000250154154224058,0.00034603780360995,5.84944281819521e-05
"chr8",14775001,14875000,14825000,0.000420989883783354,0.000282421789226503,0.000237446603525614,0.000294203470810641,5.72349927690142e-05
"chr8",14850001,14950000,14900000,0.000479551438559801,0.000333853227823382,0.000291317626296591,0.000366559523042705,6.50792147255518e-05
"chr8",14925001,15025000,14975000,0.000551237810421159,0.000406596870017397,0.000378355648098949,0.000440473946351844,8.41446339892718e-05
"chr8",15000001,15100000,15050000,0.000481776321835053,0.000372839720532091,0.000383338654628178,0.000357571865366907,8.72487228882623e-05
"chr8",15075001,15175000,15125000,0.00108254674137639,0.000409420680448268,0.000422657101050406,0.000384315302850651,9.24629091306017e-05
"chr8",15150001,15250000,15200000,0.000583686304931524,0.000494459200066769,0.000450594346269734,0.000432015988032511,0.000181207292400742
"chr8",15225001,15325000,15275000,0.000497003746693103,0.000462396989904371,0.00042981213833503,0.000378533243805089,0.000124101828156299
"chr8",15300001,15400000,15350000,0.000342858162170209,0.000313274436730293,0.000311091333495946,0.000270587906169508,7.99720124280403e-05
"chr8",15375001,15475000,15425000,0.000405305084737285,0.000341975629458593,0.000319527100831623,0.000284959049348336,0.000108879794863727
"chr8",15450001,15550000,15500000,0.000605331878884041,0.000442886978029773,0.000431818321968012,0.000442880022347992,0.000130278641474969
"chr8",15525001,15625000,15575000,0.000462981253251525,NA,NA,0.000364280912398059,NA
"chr8",15600001,15700000,15650000,0.000292407829953508,0.000315589296900827,0.000216635788338329,0.000248162328477121,5.06443119935997e-05
"chr8",15675001,15775000,15725000,0.000349487701492834,0.000348986764192799,0.000292488161165166,0.000273076438231861,8.27639320470211e-05
"chr8",15750001,15850000,15800000,0.000518963674160429,NA,NA,0.000397002311822051,NA
"chr8",15825001,15925000,15875000,0.000616808652651887,0.000582619223973722,0.000522457543567429,0.000473658614139172,0.000146611172793011
"chr8",15900001,1.6e+07,15950000,0.000555073945442826,0.000561496928309431,0.000487702782116451,0.000434702642021202,0.000179778594288317
"chr8",15975001,16075000,16025000,0.00115190301925527,NA,NA,0.000361699344558149,NA
"chr8",16050001,16150000,16100000,0.000492128650520954,0.000471955035379374,0.000381975393975345,0.000352099762108992,0.000166951623411051
"chr8",16125001,16225000,16175000,0.000574551147303554,0.000522461991557174,0.000459619947384436,0.0004256360350567,0.000135585266836281
"chr8",16200001,16300000,16250000,0.000924374211160098,NA,NA,NA,NA
"chr8",16275001,16375000,16325000,0.000551258687522952,0.000485674700111811,0.000476940259042185,0.000423430112699031,0.00011516039468158
"chr8",16350001,16450000,16400000,0.000585183228730129,0.000536186370813409,0.000458758523115668,0.000412123176564367,9.71583781091273e-05
"chr8",16425001,16525000,16475000,0.000491099170196224,0.000440036635041404,0.000400314832125454,0.000343300581765079,9.31507697602587e-05
"chr8",16500001,16600000,16550000,0.000401496278741387,0.000399065506107058,0.000363539944273831,0.000271429732323023,7.62420624404589e-05
"chr8",16575001,16675000,16625000,0.000513245575960277,0.000507913779557671,0.00043194003568518,0.000382513182313003,0.000114575999561073
"chr8",16650001,16750000,16700000,0.000546943651564256,0.000530487481973278,0.000405678186648303,0.000401829654562787,9.014918953667e-05
"chr8",16725001,16825000,16775000,0.000619812305611085,0.0005986384119429,0.000517900235173932,0.00049013506836314,0.000101905039670289
"chr8",16800001,16900000,16850000,0.000669778261192511,0.00139158515056634,0.00140432614553401,0.000517669655493742,0.00123067625158945
"chr8",16875001,16975000,16925000,0.000598037607645308,0.000554102013627731,0.000496437825753259,0.00045381359746645,0.000158238346443508
"chr8",16950001,17050000,1.7e+07,0.000547309385184598,0.000526099336395941,0.000439676414490975,0.00040506919505454,0.000126489956370971
"chr8",17025001,17125000,17075000,0.000468693707457133,0.00037316613397076,0.000356945737771242,0.000359864154496302,7.43482013764211e-05
"chr8",17100001,17200000,17150000,0.00042864197639942,0.000386631104284418,0.000304886718798191,0.000360162971622198,7.54496877736071e-05
"chr8",17175001,17275000,17225000,0.000476007278906742,0.000398285080499754,0.00030550583048365,0.000392067993641639,7.04554460137778e-05
"chr8",17250001,17350000,17300000,0.000437346190514006,0.000389661148218021,0.000260906319036206,NA,9.51964492988081e-05
"chr8",17325001,17425000,17375000,0.000513118420972103,0.000463249838211482,0.00035817885909479,0.000428077724126932,0.000118052750939762
"chr8",17400001,17500000,17450000,0.000572885496102274,0.000444877799778077,0.000380637032850071,0.000425010147359939,0.000123330736647328
"chr8",17475001,17575000,17525000,0.000506799942147199,0.000413300807834339,0.000330348363687297,0.00041401821391222,9.46197185071273e-05
"chr8",17550001,17650000,17600000,0.000548095194128514,0.000358403885452687,0.000321860240533447,0.000406576046588152,8.48284054576627e-05
"chr8",17625001,17725000,17675000,0.00109868147162849,0.000343569157733982,0.000327420670096281,NA,9.07758709520951e-05
"chr8",17700001,17800000,17750000,0.000533070908019144,0.000385433005662895,0.000325852572111865,0.000406706743852603,7.30876213159732e-05
"chr8",17775001,17875000,17825000,0.000453984535553722,0.00033708935642602,0.000302221283175851,0.000343919151853551,8.08749660388326e-05
"chr8",17850001,17950000,17900000,0.000439053318072869,0.000396934311591408,0.000340029287653866,0.000384937863516127,8.67171950088594e-05
"chr8",17925001,18025000,17975000,0.00116386286263141,0.00111508311235875,0.00110889167926279,0.000419249091754406,0.0010126692866329
"chr8",18000001,18100000,18050000,0.000600598122836073,0.000476180885363676,0.000438680844904064,0.000456622738978251,0.000141069391291106
"chr8",18075001,18175000,18125000,0.000624528940482439,0.000465941891546268,0.00041434697636777,0.000471496368366644,0.000158442947611727
"chr8",18150001,18250000,18200000,0.000666568996595949,0.000596181383188791,0.000469548033302841,0.000522381354210035,0.000153877232299431
"chr8",18225001,18325000,18275000,0.000695240929623746,0.000589065107205513,0.000534131784640373,0.000522744706143964,0.00016142067043034
"chr8",18300001,18400000,18350000,0.000631665959199753,0.00054467516678953,0.000477647746436534,0.00047482757396052,0.000144023056327233
"chr8",18375001,18475000,18425000,0.000616264661508379,0.000563590530196027,0.000397567654904835,0.000476004896135484,0.000189787804701187
"chr8",18450001,18550000,18500000,0.000547810714282582,0.000491995064681322,0.000389257485621802,0.00105048795599435,0.000146811298614392
"chr8",18525001,18625000,18575000,0.000565253382704352,0.000490846438768607,0.000493822744667306,0.000459655501233616,0.000139859263456675
"chr8",18600001,18700000,18650000,0.000597163543649942,0.00050884780478634,0.000437786251064179,0.00046689151457379,0.000119317026392231
"chr8",18675001,18775000,18725000,0.000621631550076617,0.000519083559713686,0.000468905950586164,0.000462450728453875,0.000141394739831309
"chr8",18750001,18850000,18800000,0.000657189788503851,0.000594688370899763,0.000557123739639585,0.000540878274458107,0.000131553100740289
"chr8",18825001,18925000,18875000,0.000741832012229518,0.000625325107401005,0.000600121414539698,0.000592260211112314,0.000122656253085826
"chr8",18900001,1.9e+07,18950000,0.000466629355287709,0.000441843261141696,0.000467056102779589,0.000398794380720598,0.000142963886216544
"chr8",18975001,19075000,19025000,0.000430111011113428,0.000473697680967357,0.000518934223511691,0.000394136855158512,0.000161398153499807
"chr8",19050001,19150000,19100000,0.0003213586511888,NA,NA,0.000344288259756442,NA
"chr8",19125001,19225000,19175000,0.000412893939779081,0.000530934003057396,0.000525762080564339,0.000363993415426346,0.000148133434469202
"chr8",19200001,19300000,19250000,0.00047403522978219,0.000550835840374678,0.000556024899840473,0.000365187029893824,0.000171093804429513
"chr8",19275001,19375000,19325000,0.000393060961310446,0.000403528370592,0.000446628920824457,0.000358543568114937,0.000165908547270325
"chr8",19350001,19450000,19400000,0.000464213895480532,0.000415298769688781,0.000505372020752292,0.000444945588087272,0.00013391378437827
"chr8",19425001,19525000,19475000,0.000625827557116202,0.000555962563117271,0.00057888359356931,0.000561857249735187,0.000216075535330694
"chr8",19500001,19600000,19550000,0.000695859807940406,0.000601534517981126,0.000547171165021492,0.000536227677153343,0.000148250566946507
"chr8",19575001,19675000,19625000,0.000518862839122975,0.000483686110229092,0.000491923619172252,0.00037781735585351,0.000114273575257338
"chr8",19650001,19750000,19700000,0.000528777335306394,0.000433264802241231,0.000437254860646372,0.000440613197084969,0.000145183203614572
"chr8",19725001,19825000,19775000,0.000585544983080246,0.000441382784370231,0.000378972312807097,0.000487208373137468,0.000102269336566912
"chr8",19800001,19900000,19850000,0.000358667247463148,0.000343913659457341,0.00030372192216164,0.000328065412204182,9.33001489485279e-05
"chr8",19875001,19975000,19925000,0.000493186720753629,NA,NA,0.000371543937822558,NA
"chr8",19950001,20050000,2e+07,0.000509413774537551,0.000379652026608535,0.000293796760815956,0.000369028435247296,0.000129532812530688
"chr8",20025001,20125000,20075000,0.00051289056552902,0.0010191257286995,0.00102063729727983,0.00039204315974921,0.000970100417374963
"chr8",20100001,20200000,20150000,0.000457639958354627,0.00034756162144404,0.00031459308791072,0.000333566084142319,8.82939074097542e-05
"chr8",20175001,20275000,20225000,0.000550104994945819,0.000402506640378187,0.00036063055802976,NA,8.17220349250069e-05
"chr8",20250001,20350000,20300000,0.000619327445591932,0.000467441089176354,0.000352669493820583,0.000457885891953579,0.000111638979760854
"chr8",20325001,20425000,20375000,0.000656447202203871,0.000532140675844832,0.00043428247326327,0.000486534920740395,0.000101540802681099
"chr8",20400001,20500000,20450000,0.000671041669923599,0.000618721740334189,0.000482813778556217,0.000521745034329476,0.00013118087857801
"chr8",20475001,20575000,20525000,0.000655214886853337,0.000606740133486935,0.000514751202165312,0.000527164528441621,0.000152771780919263
"chr8",20550001,20650000,20600000,0.00073690111693802,NA,NA,0.000590404449645842,NA
"chr8",20625001,20725000,20675000,0.000632697094870658,0.000568193626901965,0.000458238354644914,0.000491719249218868,0.000138225101236064
"chr8",20700001,20800000,20750000,0.00068395190205314,0.000588299463157496,0.000517228614964161,0.000497382665943675,0.00014750412850943
"chr8",20775001,20875000,20825000,NA,NA,NA,0.000428771494838835,NA
"chr8",20850001,20950000,20900000,0.000570592818985007,0.000495030382205868,0.00038532036372145,0.000471108212099079,7.82492184951454e-05
"chr8",20925001,21025000,20975000,0.000587470450908063,0.000501120269660046,0.000378612410125195,NA,8.99892134052861e-05
"chr8",21000001,21100000,21050000,0.000623720040798097,NA,NA,0.00115192311094408,NA
"chr8",21075001,21175000,21125000,0.000548193563257317,0.000419503259805733,0.000378863093977261,0.000449362917082116,0.000132791041817331
"chr8",21150001,21250000,21200000,0.000558974281187118,0.000415691459053673,0.000382322537992425,0.000400641385692593,0.000129163427488715
"chr8",21225001,21325000,21275000,0.000518752576945684,NA,NA,0.000375118391668388,NA
"chr8",21300001,21400000,21350000,0.000535494092999889,0.000436559809162061,0.000347750979278906,0.000384804197997935,0.000126324398633464
"chr8",21375001,21475000,21425000,0.000522051007872818,0.000487794459275301,0.000376731221657237,0.000390569000621087,0.000116736766647469
"chr8",21450001,21550000,21500000,0.000504425838779951,NA,NA,0.000389668023577748,NA
"chr8",21525001,21625000,21575000,0.000576852158088907,0.000475173465958592,0.000378887578155969,0.000433281937175643,7.84051641885229e-05
"chr8",21600001,21700000,21650000,0.000520007511161862,NA,NA,0.000392714230179585,NA
"chr8",21675001,21775000,21725000,0.000526403503846486,0.000359314942606586,0.000369299343571541,0.000410452208150667,4.98105278078329e-05
"chr8",21750001,21850000,21800000,0.00056542260311352,0.00045593000342961,0.000364140398316268,0.000419060511733151,0.000122945163771646
"chr8",21825001,21925000,21875000,0.000654314950440353,0.000574780830970765,0.00047076959415446,0.000523899658014663,0.000147498621380254
"chr8",21900001,2.2e+07,21950000,0.000786005480576155,0.000651780025761728,0.00058447296821672,0.000602126788878948,0.000153203555333659
"chr8",22050001,22150000,22100000,0.000656293425140228,0.000510178665423056,0.000368269714908028,NA,0.000109741403124934
"chr8",22125001,22225000,22175000,0.000539558992022415,0.000407119318197781,0.000317943923835321,0.000398862602804029,0.000110640626606159
"chr8",22200001,22300000,22250000,0.000747840056489206,0.000562411128475562,0.000424264634438902,0.000522092491954547,0.000160692066125496
"chr8",22275001,22375000,22325000,0.000686636582221489,0.000466024080989966,0.000362181119922183,NA,0.000188626486381452
"chr8",22350001,22450000,22400000,0.00064559395540393,0.000428211554263357,0.000308815738094852,0.000444531356660366,9.41565239517767e-05
"chr8",22425001,22525000,22475000,0.000645073241022144,0.000459236043516185,0.000368439713541508,0.000447606956741424,0.000140965865250008
"chr8",22500001,22600000,22550000,0.000637724122484532,NA,NA,0.000475559427854304,NA
"chr8",22575001,22675000,22625000,0.00177907581654316,0.000594079329287029,0.000504661626797697,0.000624233312069409,0.000197361622218779
"chr8",22650001,22750000,22700000,0.000901133886524649,0.000642528380293651,0.000528335263837538,0.000591703658969089,0.000217681534180267
"chr8",22725001,22825000,22775000,0.000638083043606094,0.000510746235233349,0.000392000274070569,0.000425989477498805,0.000138967782697147
"chr8",22800001,22900000,22850000,0.000622572496894722,0.000572260836201779,0.00040080258806078,0.000437742929324435,0.000130748924362353
"chr8",22875001,22975000,22925000,0.000605779159820914,0.000585661082666473,0.000437596938051067,0.000458350333870302,0.000150814535403818
"chr8",22950001,23050000,2.3e+07,0.00113483588459938,0.000522123605573548,0.000416617933385397,0.000435949108749326,8.53522393721192e-05
"chr8",23025001,23125000,23075000,0.000669926325061936,0.0005831814204065,0.000487362091344066,0.000477291195120289,0.000112953680828706
"chr8",23100001,23200000,23150000,0.00039466931356106,NA,NA,0.000305450085431657,NA
"chr8",23175001,23275000,23225000,0.00103261774614791,0.000469735086036088,0.000352808788269166,0.0003784903588495,0.00011814904048658
"chr8",23250001,23350000,23300000,0.000518353759445616,0.000480226619554911,0.000343726487951962,0.000390909308757396,8.90392616281011e-05
"chr8",23325001,23425000,23375000,0.00076289521715381,NA,NA,NA,NA
"chr8",23400001,23500000,23450000,0.000409991525105067,0.000384571046550899,0.000252721048308537,0.000327516628285633,5.40715480831636e-05
"chr8",23475001,23575000,23525000,0.000397865427458183,0.000353441689111633,0.000273728210900674,NA,6.62866373194295e-05
"chr8",23550001,23650000,23600000,0.000435968967195526,0.000391886071429295,0.000326079376155578,0.000372841430534133,6.30220046304589e-05
"chr8",23625001,23725000,23675000,0.00104790216156493,0.000449126896313028,0.00034245720565573,NA,4.90210842263315e-05
"chr8",23700001,23800000,23750000,0.000483675159462415,0.000422062435508174,0.000314539608084762,0.000359647422204934,4.74946993651349e-05
"chr8",23775001,23875000,23825000,0.000522042994036721,0.000440155654042069,0.000321165142537099,0.000888431981619712,6.5502446679613e-05
"chr8",23850001,23950000,23900000,0.00047443107868742,0.00042948146312644,0.000363955861014725,0.000430237874429888,8.20872940189428e-05
"chr8",23925001,24025000,23975000,0.000546555755996439,0.000523624505272786,0.000369413108965555,0.00048289162705839,6.55572208435313e-05
"chr8",24000001,24100000,24050000,0.00058882115695428,0.000514064227419592,0.000413506724751816,0.000466784644624842,0.000131487723827966
"chr8",24075001,24175000,24125000,0.000605533117082302,NA,NA,0.000445329810164092,NA
"chr8",24150001,24250000,24200000,0.00042167309138654,0.000299534467209511,0.000245172568383978,0.000330924580642508,8.62371645220305e-05
"chr8",24300001,24400000,24350000,0.000288975888456983,NA,NA,NA,NA
"chr8",24375001,24475000,24425000,0.000257226887611426,0.000226305754772206,0.000109329261609216,0.000223884236322086,4.25911889727884e-05
"chr8",24450001,24550000,24500000,0.000408231817990371,0.00033946925018522,0.000231556123425542,0.000316991044638135,7.25037503710091e-05
"chr8",24525001,24625000,24575000,0.000415439381239499,0.000323847276918089,0.000235877107449446,0.000332105966850607,6.03387785483111e-05
"chr8",24600001,24700000,24650000,0.000249147794576965,0.000188068278429597,0.000152501765714679,0.000222742721724493,5.56477402226605e-05
"chr8",24675001,24775000,24725000,0.000220682183548196,NA,NA,NA,NA
"chr8",24750001,24850000,24800000,0.000241378276389046,0.000208643315152579,0.000206567893140296,0.000302754491103561,6.68112260128482e-05
"chr8",24825001,24925000,24875000,0.000231225049826864,NA,NA,NA,NA
"chr8",24900001,2.5e+07,24950000,0.000327851726180686,0.000333394258715099,0.000237051483499808,0.000395806264494163,7.99239090689154e-05
"chr8",24975001,25075000,25025000,0.00038784627587701,NA,NA,NA,NA
"chr8",25050001,25150000,25100000,0.000302534736750314,0.000264021852589633,0.000217617437795997,0.000394549610158389,6.34474267250671e-05
"chr8",25125001,25225000,25175000,0.000390034134530968,0.000283067872387785,0.000206944839889808,0.000366492809304161,4.69662562717986e-05
"chr8",25200001,25300000,25250000,0.000479006977780947,0.00038750054516115,0.000217198833603792,0.000410979177288345,6.64496469638724e-05
"chr8",25275001,25375000,25325000,0.000520800029763343,0.000445522704629017,0.000284244843187953,0.000460329062150654,0.000121587595937826
"chr8",25350001,25450000,25400000,0.000510473666118738,0.000398207279500545,0.00032773494022153,0.000562922609024747,0.000122597506225589
"chr8",25425001,25525000,25475000,0.000497003933236035,0.000407851564045512,0.000307476159416955,0.00046625502181042,0.000106470185820488
"chr8",25500001,25600000,25550000,0.000558347818084422,0.000475437924434119,0.00042893251308972,0.000520821481237604,0.000120265563635569
"chr8",25575001,25675000,25625000,0.000337134660360934,0.000352180900652216,0.000261264255098781,0.000310597273080934,5.4491829989913e-05
"chr8",25650001,25750000,25700000,0.000452701378961066,NA,NA,0.000380759484863622,NA
"chr8",25725001,25825000,25775000,0.000561225951261063,0.000439872310794932,0.000391966257167436,0.000459375623817733,8.36730102989944e-05
"chr8",25800001,25900000,25850000,0.000345576539415179,0.00030489714995616,0.000261818651181118,0.000297954489889912,4.29604962442734e-05
"chr8",25875001,25975000,25925000,0.000268730762139852,0.000246580016728661,0.000186597595801506,0.000257925356184555,3.92197615375326e-05
"chr8",25950001,26050000,2.6e+07,0.000170193706380677,0.000179530676728967,0.000147737713064777,0.000161046979528099,2.77410032557515e-05
"chr8",26025001,26125000,26075000,0.0003043156894201,0.000298760902749876,0.000207642317556058,0.000270986077843961,7.84913158387368e-05
"chr8",26100001,26200000,26150000,0.000347407786994011,0.000335855621405106,0.000276639676575609,0.000314003053606858,6.60717819633301e-05
"chr8",26175001,26275000,26225000,0.000503080968132404,0.000369680669224761,0.000340263794395092,0.000412392710499483,8.2983352623277e-05
"chr8",26250001,26350000,26300000,0.000439481613362445,0.000385402167533807,0.000333451363555374,0.00083977629726708,9.18243137619953e-05
"chr8",26325001,26425000,26375000,0.000689017594534619,0.000615962017792277,0.00040424008275501,0.000500075722701906,0.000107217558486625
"chr8",26400001,26500000,26450000,NA,0.00132457472300545,0.00124707899975882,NA,0.00112096647528094
"chr8",26475001,26575000,26525000,0.000446411668750809,NA,NA,0.000344380416233664,NA
"chr8",26550001,26650000,26600000,NA,NA,NA,0.00100531077009487,NA
"chr8",26625001,26725000,26675000,0.000441236720635447,0.000407879439143903,0.000336932596895341,0.000357495559563326,6.6656350552171e-05
"chr8",26700001,26800000,26750000,NA,0.000464675843160519,0.000337510504993559,0.000862271955699849,7.56086138008361e-05
"chr8",26775001,26875000,26825000,0.000512146639608588,0.000509575219297824,0.00034140485967085,0.000418759512669337,7.49792345957558e-05
"chr8",26850001,26950000,26900000,0.000398092554706446,0.000395332883730522,0.000265664699866119,0.000350166848482032,7.76062770315589e-05
"chr8",26925001,27025000,26975000,NA,0.000428866380943013,0.000253956985642228,0.000371976806089018,7.16077638401222e-05
"chr8",27000001,27100000,27050000,0.000358314242857665,0.000302949817538177,0.000228323431970322,0.000285300965294158,8.34988261465466e-05
"chr8",27075001,27175000,27125000,9.43408523304383e-05,9.27429007155898e-05,7.1680652732656e-05,8.74142831237446e-05,2.33711825423583e-05
"chr8",27150001,27250000,27200000,4.81925044361976e-05,4.35156724630466e-05,4.19123289174028e-05,4.02477513261852e-05,1.68430839349823e-06
"chr8",27225001,27325000,27275000,6.43320555482167e-05,6.30818903714187e-05,7.11413071023222e-05,5.99038573599412e-05,2.89491129860194e-06
"chr8",27300001,27400000,27350000,0.000106409581982507,NA,NA,8.03074207956342e-05,NA
"chr8",27375001,27475000,27425000,0.000128787869537531,0.000135250361459412,9.46696520844434e-05,0.000115612673391598,2.20028951177787e-05
"chr8",27450001,27550000,27500000,0.000209197914230284,0.000171446653655614,0.000141788137455454,0.000171734035609707,3.01635511964691e-05
"chr8",27525001,27625000,27575000,0.000368425777674081,0.000313105983136884,0.000242623322746919,0.000306484245594467,7.34975747906267e-05
"chr8",27600001,27700000,27650000,0.00027171087920188,0.000246845354078808,0.000143544596038909,0.000214904240571067,5.57478743161805e-05
"chr8",27675001,27775000,27725000,0.000395220381399983,0.000182188868460176,5.31194247629819e-05,NA,3.32679082018396e-05
"chr8",27750001,27850000,27800000,0.000277278855439126,0.000136585390622997,7.43556552351159e-05,NA,2.45821236375542e-05
"chr8",27825001,27925000,27875000,0.000167367173667674,0.000171479867926265,7.80279204979412e-05,0.000166998964304736,2.47928676973095e-05
"chr8",27900001,2.8e+07,27950000,0.000120193678480182,8.53600347010275e-05,4.87080783778429e-05,0.000115253996414961,2.51602015300561e-05
"chr8",27975001,28075000,28025000,0.000107142264969816,7.18172928065653e-05,8.34459006488702e-05,7.93884813589808e-05,1.15801267129047e-05
"chr8",28050001,28150000,28100000,0.000293695745122111,0.000258471571185891,0.000136110050487014,0.00021115656265028,6.42253116585892e-05
"chr8",28125001,28225000,28175000,0.000450630220926727,NA,NA,0.000366802551234111,NA
"chr8",28200001,28300000,28250000,0.00034546594622054,0.000271928028979663,0.000119702047296481,0.000308126014834036,6.80187696004745e-05
"chr8",28275001,28375000,28325000,0.000194084358385063,0.000162275655093059,8.51509181850396e-05,0.000233646019283613,4.24825988485057e-05
"chr8",28350001,28450000,28400000,0.000129690013521447,0.000143926900317234,5.07960555275588e-05,0.00035665244952366,3.67956863453577e-05
"chr8",28425001,28525000,28475000,0.000298574389139334,0.000174167861420148,0.000114509650274645,0.000283029145698905,0.000106920977500952
"chr8",28500001,28600000,28550000,0.000337794239214874,0.00015652828698277,0.000110214351168115,0.000286308435131985,9.00785552389498e-05
"chr8",28575001,28675000,28625000,0.00049075070067064,0.000224199302315475,0.00012878436213112,0.000328618674699217,9.71451335658709e-05
"chr8",28650001,28750000,28700000,0.000362747284218272,0.000153744665635298,9.42749823587848e-05,0.000250053763569206,7.05422434855028e-05
"chr8",28725001,28825000,28775000,0.000371652800101533,0.000188073080859074,0.000102960889415047,0.000617189973163498,8.13940130438907e-05
"chr8",28800001,28900000,28850000,0.000129180989151499,8.94662751317108e-05,5.9235691366742e-05,0.000108045449726544,2.58458705984114e-05
"chr8",28875001,28975000,28925000,0.000200659981148796,0.000101423163573262,0.000109946356723906,0.000183654971535216,3.27427133907643e-05
"chr8",28950001,29050000,2.9e+07,0.000155052417213337,9.07106463613137e-05,7.80193059231044e-05,0.00016806677490646,5.0374328105422e-05
"chr8",29025001,29125000,29075000,0.000209574126640767,9.99511529456543e-05,8.82495441877336e-05,0.000188417831958101,4.27452089174718e-05
"chr8",29100001,29200000,29150000,0.000287432768154133,NA,NA,0.000236835447994399,NA
"chr8",29175001,29275000,29225000,0.000246849014458282,8.80036359788463e-05,8.02642104339303e-05,0.000174145289267945,4.86411714984002e-05
"chr8",29250001,29350000,29300000,0.000333807562788417,0.000106853069244431,8.90567807129611e-05,0.00012759394512433,4.67485021658823e-05
"chr8",29325001,29425000,29375000,0.000262404822797859,7.05367523668543e-05,7.75132543902228e-05,NA,1.88986488624198e-05
"chr8",29400001,29500000,29450000,0.000287268069358055,5.69056544264404e-05,9.08551066276786e-05,0.000130160683383488,2.9901316705534e-05
"chr8",29475001,29575000,29525000,0.000243125933965817,3.99859308002045e-05,6.00585727070006e-05,0.000127901866324184,9.63377341954525e-06
"chr8",29550001,29650000,29600000,0.000127379520663433,3.38267139510614e-05,3.98878354172574e-05,7.79906558670323e-05,4.3162515397701e-06
"chr8",29625001,29725000,29675000,9.60968132137872e-05,3.93515096875236e-05,2.77177728245696e-05,4.51499530909353e-05,9.84283881367159e-06
"chr8",29700001,29800000,29750000,0.000176394364226693,7.42635018830562e-05,4.61249267196498e-05,7.20068519556642e-05,1.67920923668254e-05
"chr8",29775001,29875000,29825000,8.94441097290103e-05,4.42634084147766e-05,2.76982002842884e-05,4.17537897654857e-05,0
"chr8",29850001,29950000,29900000,0.000179379573093633,9.18406854852305e-05,5.97101082996434e-05,7.66517491562873e-05,7.89654016251396e-07
"chr8",29925001,30025000,29975000,0.000147539596026766,6.19149935608022e-05,5.61757919630383e-05,5.38037146993763e-05,1.43179605286465e-05
"chr8",30000001,30100000,30050000,NA,NA,NA,1.90396689617703e-05,NA
"chr8",30075001,30175000,30125000,7.55030689081558e-05,4.25707436001042e-05,3.34901083915797e-05,3.03400168727209e-05,4.05306013672709e-06
"chr8",30150001,30250000,30200000,4.43355767663368e-05,1.92706659397236e-05,1.71437112903712e-05,1.39853677928232e-05,0
"chr8",30225001,30325000,30275000,2.53461545694876e-05,NA,NA,1.20991655946123e-05,NA
"chr8",30300001,30400000,30350000,5.48311863500311e-05,1.10521714676962e-05,1.95519704122571e-05,4.33980259424648e-05,3.21068566718864e-06
"chr8",30375001,30475000,30425000,7.16463136344786e-05,1.67839257022666e-05,2.44900163746875e-05,6.03866648641952e-05,8.94785113407434e-07
"chr8",30450001,30550000,30500000,6.95750103396467e-05,NA,NA,6.85658557060464e-05,NA
"chr8",30525001,30625000,30575000,6.50924625344268e-05,2.7143284449479e-05,2.19294082785726e-05,6.23636480425296e-05,9.7899683352422e-06
"chr8",30600001,30700000,30650000,2.08076890255806e-05,1.68604029538862e-05,2.09104253962707e-05,4.8800805653329e-05,8.63202599545155e-06
"chr8",30675001,30775000,30725000,2.09440011376911e-05,1.85015814108111e-05,2.34002208586883e-05,4.81460217195262e-05,6.21083326170699e-06
"chr8",30750001,30850000,30800000,1.20460431589271e-05,1.26670812699805e-05,7.39318792970374e-06,2.39793188544017e-05,4.78962745646044e-06
"chr8",30825001,30925000,30875000,4.44332917444996e-05,3.19770757959141e-05,2.3742660554628e-05,6.04287189657278e-05,1.78433608722887e-05
"chr8",30900001,3.1e+07,30950000,8.25789561258837e-05,7.00807676359579e-05,2.20970731109932e-05,5.77811963070081e-05,1.81589613368869e-05
"chr8",30975001,31075000,31025000,0.000170018538177647,0.000135249747544704,4.50206977634911e-05,0.000118742908147786,2.27391279860239e-05
"chr8",31050001,31150000,31100000,0.000144002132252582,0.000119711447711082,6.6298191724463e-05,0.000135775867340731,1.93709362157708e-05
"chr8",31125001,31225000,31175000,2.97752082822901e-05,3.32069507558485e-05,1.64662381339731e-05,NA,1.13688943576546e-05
"chr8",31200001,31300000,31250000,0.000146876385145304,0.000123339284110791,9.56390797771087e-05,0.000119971607513412,1.34228951005485e-05
"chr8",31275001,31375000,31325000,0.000361978381658991,0.000302142131152,0.000191878215940556,0.000273857311803604,6.32795439661218e-05
"chr8",31350001,31450000,31400000,0.000185130335601508,0.000176751925876623,8.81672954783229e-05,0.000143836883783415,2.93204992717778e-05
"chr8",31425001,31525000,31475000,0.000215699780669822,0.000197980976181243,0.000118197332001796,0.000179886994444226,2.4320501250795e-05
"chr8",31500001,31600000,31550000,0.000217495462868481,0.000217058784101757,0.000101550675018821,0.000197519932678974,3.44271552978444e-05
"chr8",31575001,31675000,31625000,0.00026433679931561,0.00022964146999472,0.000120989413445921,0.000228986367113223,4.28510182749591e-05
"chr8",31650001,31750000,31700000,0.000336158324022076,0.000330673902717464,0.000205551746810798,NA,6.23300204015001e-05
"chr8",31725001,31825000,31775000,0.000380704355871713,0.000354101585638659,0.00013962848688311,0.000229876883018174,8.05526225801637e-05
"chr8",31800001,31900000,31850000,0.00045695010369015,0.000461798257343915,0.000259156221110687,0.000326376180298739,9.39318498103435e-05
"chr8",31875001,31975000,31925000,0.000391317210631155,NA,NA,0.000286597710609558,NA
"chr8",31950001,32050000,3.2e+07,NA,NA,NA,0.000191586000592042,NA
"chr8",32025001,32125000,32075000,5.12273752443099e-05,NA,NA,5.30367484888446e-05,NA
"chr8",32100001,32200000,32150000,0.000189087117392909,0.000184953400347684,0.00010616440254985,0.000161118424766464,1.85285119057269e-05
"chr8",32175001,32275000,32225000,0.0002021765002406,NA,NA,0.00037687833976859,NA
"chr8",32250001,32350000,32300000,NA,0.000208437949870346,0.00015638358679275,0.000199881677947431,4.65376636313476e-05
"chr8",32325001,32425000,32375000,NA,NA,NA,0.000368005677997628,NA
"chr8",32400001,32500000,32450000,0.000457595009109023,0.000390339337408723,0.000239610212309201,0.000321563594102058,6.56083295408454e-05
"chr8",32475001,32575000,32525000,0.000485102877936878,0.000422766164478666,0.000249934109527658,0.000345217736698006,4.86004006084159e-05
"chr8",32550001,32650000,32600000,0.000278167759511575,NA,NA,0.000228460850578573,NA
"chr8",32625001,32725000,32675000,0.000829499263828945,0.000399190910837376,0.000257787900589325,NA,9.14520596930812e-05
"chr8",32700001,32800000,32750000,0.000294680467974826,0.000347625367969243,0.000260893610989001,0.000226645185720869,6.24947975845103e-05
"chr8",32775001,32875000,32825000,0.000222307679596545,0.000226867643536777,0.000192565294779693,0.000175460577937974,6.14886745021207e-05
"chr8",32850001,32950000,32900000,0.000269284963199367,NA,NA,0.000210742341735015,NA
"chr8",32925001,33025000,32975000,NA,0.000322352919538451,0.000194794277189207,0.000269164579617024,5.85427663068059e-05
"chr8",33000001,33100000,33050000,0.000484888522483626,0.000412342481375388,0.000286986921004991,0.000349757836780146,6.53914147390459e-05
"chr8",33150001,33250000,33200000,0.000440245694868163,0.000405350243543641,0.000304112510741212,0.000760628375695656,0.000102247771411892
"chr8",33225001,33325000,33275000,0.000430379349991996,0.000408525962882458,0.000321945891879734,0.000324644247569448,8.62400340242733e-05
"chr8",33300001,33400000,33350000,0.000346664992024347,0.000328801755062892,0.000274281489201355,0.00028309647786606,5.0540749163419e-05
"chr8",33375001,33475000,33425000,0.000236611582873551,0.000231205238928622,0.000134433767128498,0.000177825932875434,2.40043409955611e-05
"chr8",33450001,33550000,33500000,0.000176583515074725,0.000380821816832791,0.000353525846419149,NA,0.000321616495508573
"chr8",33525001,33625000,33575000,0.000181268302491361,0.000206746983866952,0.000101857316683213,0.000134721550502832,3.73734743397673e-05
"chr8",33600001,33700000,33650000,0.000175213613037722,0.000187636783759602,0.00013693903613637,0.000132414329095175,3.33207788218815e-05
"chr8",33675001,33775000,33725000,0.000139254255401229,0.000132971190079841,0.000118056993981897,0.00012068855589772,2.18445828987446e-05
"chr8",33750001,33850000,33800000,0.000159033062353379,NA,NA,0.0001474249217176,NA
"chr8",33825001,33925000,33875000,0.000133853508714339,0.000149651284042253,0.000156529301003097,0.000131168246193966,3.4215608234023e-05
"chr8",33900001,3.4e+07,33950000,0.000119707098144454,0.000118080234140705,0.000102056448408685,9.89378978707856e-05,9.42207616658989e-06
"chr8",33975001,34075000,34025000,0.000152052053830987,0.000188364541473968,0.000153956506509617,0.000141237353540675,6.38519720731583e-05
"chr8",34050001,34150000,34100000,0.000274597471802405,0.000299051545308688,0.000240173775557466,0.000239879881385225,4.91709975137059e-05
"chr8",34125001,34225000,34175000,0.000231896525198159,NA,NA,0.000211151005169845,NA
"chr8",34200001,34300000,34250000,0.000459125798441871,NA,NA,0.000355603322133599,NA
"chr8",34275001,34375000,34325000,0.000216730713358571,0.000219535401282438,0.000180005029323274,0.000182214195404361,4.50607259082908e-05
"chr8",34350001,34450000,34400000,NA,0.000239428385919523,0.000207650243639294,NA,3.57952612127603e-05
"chr8",34425001,34525000,34475000,0.00019558827595563,0.000198824847055862,0.000147244875996941,0.000152415774393015,2.09513877793924e-05
"chr8",34500001,34600000,34550000,0.000177486433696551,0.000178561877640528,0.000136985237965218,0.000146869094337669,2.60577210633087e-05
"chr8",34575001,34675000,34625000,0.000760681701694408,0.000354610756819565,0.000277045098942134,NA,9.1448309040742e-05
"chr8",34650001,34750000,34700000,0.000523297772707155,0.000461463926542712,0.00030822846738487,0.000394051710829179,0.000127635066491867
"chr8",34725001,34825000,34775000,0.000447299414517991,0.000367567753661674,0.00030487459212644,0.000369245429985881,8.17167122734026e-05
"chr8",34800001,34900000,34850000,0.000436455755277116,0.000365461694446497,0.000347768805313794,0.000358512142983561,8.70840093225169e-05
"chr8",34875001,34975000,34925000,0.000431051158617686,NA,NA,0.00035918873871248,NA
"chr8",34950001,35050000,3.5e+07,0.000587033835979309,0.000500072950822679,0.000390283321456314,0.000457113168279254,0.000136645076393549
"chr8",35025001,35125000,35075000,0.000449186932480631,0.000378540649605359,0.000287980430001188,0.000335116438045543,8.44517797449146e-05
"chr8",35100001,35200000,35150000,NA,0.000306736057207666,0.000227839511227157,0.000283502149933082,9.01884638793359e-05
"chr8",35175001,35275000,35225000,0.000497731202389266,0.000402073042739251,0.000292322692690965,0.000343825880712019,8.71408854345879e-05
"chr8",35250001,35350000,35300000,0.000635112045280034,0.000489827763852292,0.000379349243335786,0.000426907567033456,9.58946302851251e-05
"chr8",35325001,35425000,35375000,0.00063366826713921,0.000523526852324244,0.000394401690270104,0.00045655634038676,0.000125805207303443
"chr8",35400001,35500000,35450000,0.000578080915840659,NA,NA,0.00042697660992111,NA
"chr8",35475001,35575000,35525000,0.000454801749873068,0.000299761168505439,0.000331340752671512,0.000824785220811599,0.00010593625270198
"chr8",35550001,35650000,35600000,0.000447388156387361,0.000310847962817073,0.000283725842222595,0.000336937875802794,8.24566304977274e-05
"chr8",35625001,35725000,35675000,0.00054066066831736,0.000395530666377008,0.000346395972948102,0.000382661273074607,0.000134221021002299
"chr8",35700001,35800000,35750000,0.000408453106038269,0.000359303859386224,0.000286910090033389,0.000255164066593046,9.61967075768571e-05
"chr8",35775001,35875000,35825000,0.000442632131693895,0.000420140975963241,0.00031732248389215,0.000314865114355885,0.000151022720810173
"chr8",35850001,35950000,35900000,0.000614410844002543,0.000424716855750235,0.000380449435180705,0.00044360123944382,0.000147875070001046
"chr8",35925001,36025000,35975000,0.000622892022434507,0.000422259041610663,0.000353399514628977,0.00107236547067598,0.000108425521356142
"chr8",36000001,36100000,36050000,0.000578709688651537,0.000442028626838212,0.000374598141729428,0.00108798755943841,0.000100471420541087
"chr8",36075001,36175000,36125000,0.00152492617091117,0.000498649775687155,0.000489882430255835,0.000553376583522704,0.000157773551876033
"chr8",36150001,36250000,36200000,0.000651215021069614,0.000509222016231258,0.000459019387069773,0.000568640035665415,0.00024421000564785
"chr8",36225001,36325000,36275000,0.000574022281941449,NA,NA,0.000476489038423493,NA
"chr8",36300001,36400000,36350000,0.00054877982149265,0.000413212904029629,0.000363100899930236,0.000465895792914764,0.000120216338859055
"chr8",36375001,36475000,36425000,0.000607388023544338,0.000470821570491217,0.000400912772827815,0.000475193143760527,0.000140752216070712
"chr8",36450001,36550000,36500000,0.00116047865960484,0.000375370276166851,0.000331896980118293,0.000427652215156305,0.000141054001410856
"chr8",36525001,36625000,36575000,0.00033960875707034,0.000278104083034289,0.000234647526655519,0.000308248687832345,7.77058454696071e-05
"chr8",36600001,36700000,36650000,0.000354605069021425,0.000300121402955206,0.000152798109000898,0.000274654925198808,8.455088004515e-05
"chr8",36675001,36775000,36725000,0.000372021086023421,NA,NA,0.00030576451888212,NA
"chr8",36750001,36850000,36800000,0.00041892413316557,0.000334664123323646,0.000252100962004183,0.000333133211171252,8.81911660146312e-05
"chr8",36825001,36925000,36875000,0.000468699423028827,0.000389881285734201,0.000361230331518626,0.000357635924166647,9.32991468129996e-05
"chr8",36900001,3.7e+07,36950000,0.000520261423861533,0.000487819270323558,0.0003705838950714,0.000390494955471698,9.10376943969379e-05
"chr8",36975001,37075000,37025000,0.000499870882874787,0.000415793028382528,0.000315590766710477,0.000363078987057931,8.55649641327467e-05
"chr8",37050001,37150000,37100000,0.00038845750256604,0.000320581922501597,0.000245332050988099,0.000296600894579828,8.30314295811341e-05
"chr8",37125001,37225000,37175000,0.000391311962382914,0.000331748658259058,0.000250652150445679,0.000295889446744412,8.65023847912486e-05
"chr8",37200001,37300000,37250000,0.000501823588407414,0.000499475644857154,0.000355117466958831,0.000390345465741966,0.00013241960471458
"chr8",37275001,37375000,37325000,0.000450915456268583,0.000408001388351419,0.000326274173800468,0.00032646088054495,0.000106827504275733
"chr8",37350001,37450000,37400000,NA,0.000321191380072345,0.000239311082815309,NA,9.20234562946755e-05
"chr8",37425001,37525000,37475000,0.000456281907451723,0.000389185746381802,0.000363236607312906,0.000390855016234817,0.000101931399957227
"chr8",37500001,37600000,37550000,0.000477359243880942,0.000431884491485834,0.000408425567382498,0.000398745869596592,0.000127054385964266
"chr8",37575001,37675000,37625000,0.00046670926562738,0.000400961013464845,0.000401005082511201,0.000369959903221246,0.000100201060298871
"chr8",37650001,37750000,37700000,0.000466692658568085,0.000428776429353638,0.000370183813556134,NA,8.33471104404497e-05
"chr8",37725001,37825000,37775000,0.00041639174971494,0.000366014065780617,0.000339169811246198,0.000318355973891474,8.1765429881616e-05
"chr8",37800001,37900000,37850000,NA,0.000507693339010544,0.000463254977831466,0.000426362579295464,0.000100566108210607
"chr8",37875001,37975000,37925000,0.000502879034279961,0.000438937257191423,0.000404653682530943,0.000364202180938517,0.000120468187395005
"chr8",37950001,38050000,3.8e+07,0.000492551963926883,0.000419132595505182,0.000341990143539208,0.000356444792562699,0.000116939401538788
"chr8",38100001,38200000,38150000,0.000459229481633647,0.000418445511161469,0.000342555942320686,0.000877333959895422,0.000155422287145308
"chr8",38175001,38275000,38225000,0.000505912321992225,0.000488029888784189,0.000389494431225703,0.000380251944827519,9.84602605437513e-05
"chr8",38250001,38350000,38300000,0.000513905280990843,0.000466235714948833,0.000456484303996957,0.00039773067511535,9.69928580714882e-05
"chr8",38325001,38425000,38375000,NA,0.000524630790199422,0.000464265280393928,0.000438830092152284,0.000125691805168118
"chr8",38400001,38500000,38450000,0.000564310288673909,0.000610162403652938,0.000480084946603361,0.000444994194695875,0.000176824360857342
"chr8",38475001,38575000,38525000,0.000395686818122749,0.000431803286922946,0.000367632442366834,0.00033075099504296,7.81332636522215e-05
"chr8",38550001,38650000,38600000,0.000368111647535738,0.000387838499010882,0.000337276348350177,0.000300817714879231,9.27135079948422e-05
"chr8",38625001,38725000,38675000,0.000430904144053478,0.0003973477773402,0.000345030196120426,0.000323231446731891,5.80712999736968e-05
"chr8",38700001,38800000,38750000,0.00056676049637308,NA,NA,0.000436361321036173,NA
"chr8",38775001,38875000,38825000,0.000528996506535161,NA,NA,NA,NA
"chr8",38850001,38950000,38900000,0.000549116403861664,NA,NA,0.00043011826660993,NA
"chr8",38925001,39025000,38975000,0.000505520708678277,0.000418268596093374,0.000332033848466037,0.00034984270359482,9.08270473996085e-05
"chr8",39000001,39100000,39050000,0.000455144117505547,0.00035754101369862,0.000274284690321001,0.000275738834069056,7.47109334475637e-05
"chr8",39075001,39175000,39125000,0.000666452885317684,0.000492150835660829,0.000435134176835902,0.000422465440257217,0.00014123024178649
"chr8",39150001,39250000,39200000,0.000552205959940872,0.000441391876329091,0.0003598800662562,0.000364472604253659,0.00010457771298336
"chr8",39225001,39325000,39275000,0.000582527484698487,0.000458049209404884,0.000404187526963054,0.00040210657708632,0.000128007761135306
"chr8",39300001,39400000,39350000,0.000605602349866519,0.000390406717433096,0.000422388326889132,0.000436580393242911,0.000135277196614163
"chr8",39375001,39475000,39425000,0.000636929703777896,0.00117106256292107,0.00120004355437035,0.000447579423710582,0.00109675056618486
"chr8",39450001,39550000,39500000,0.00063460740665558,0.00048632797974862,0.00042415219584635,0.000464692526574633,9.15748793939354e-05
"chr8",39525001,39625000,39575000,0.000625754393541016,0.000464016365354717,0.000402493901205581,0.000455797283317908,0.000118012442966577
"chr8",39600001,39700000,39650000,0.000615796112240704,0.000469613946828632,0.000409001203032977,0.000471821400375748,9.87870051065931e-05
"chr8",39675001,39775000,39725000,0.000562118400102945,NA,NA,0.00108363315113595,NA
"chr8",39750001,39850000,39800000,0.000462096843111291,0.000391486142889992,0.000319135266582036,0.000339481454922649,6.88131490292213e-05
"chr8",39825001,39925000,39875000,0.000435125492027605,0.000370726796513775,0.000314883023847154,0.000339882315369807,7.34990336403919e-05
"chr8",39900001,4e+07,39950000,0.000582634001240238,0.000486292987618944,0.00042061207876628,0.000461841889086152,7.86684993162317e-05
"chr8",39975001,40075000,40025000,0.000517194525422019,0.000478845694934644,0.00038462513789251,0.000939566528943702,0.000103303598535048
"chr8",40050001,40150000,40100000,0.000504871327456092,0.000425143131285695,0.000357052197651833,0.000408019737175994,7.56075270136322e-05
"chr8",40125001,40225000,40175000,0.000536089858339432,0.000424066351696038,0.000302581637635935,0.000417044860352526,0.000103732123848363
"chr8",40200001,40300000,40250000,0.000612374963267766,0.000446448100119726,0.000362141473334981,0.000459837063486947,0.000112310481985199
"chr8",40275001,40375000,40325000,0.000505985991626136,NA,NA,0.000416743240963713,NA
"chr8",40350001,40450000,40400000,0.00041337770118006,0.000410185025796582,0.000418460808321811,0.000394126349782965,0.00010204053694594
"chr8",40425001,40525000,40475000,0.000563347438037044,0.000491699104062292,0.000456430465277576,0.000491122672674609,0.000152178292719633
"chr8",40500001,40600000,40550000,0.000624823949900669,0.000505795627825767,0.000500625854854856,0.000503885977898052,0.000125851485347675
"chr8",40575001,40675000,40625000,0.000659264789268768,0.000574535821186626,0.000500978253058498,0.000506436801015948,0.00011984569393
"chr8",40650001,40750000,40700000,0.000439105137096144,0.000451332500561232,0.00035168997040235,0.000341565682305335,8.41832604824348e-05
"chr8",40725001,40825000,40775000,0.000318784762083175,0.000354085127789796,0.00031445767575559,0.000288356758539468,0.000107133123408566
"chr8",40800001,40900000,40850000,0.000485325455818822,0.000480742687354316,0.00043364388292509,0.000407038137884252,0.000132590692059697
"chr8",40875001,40975000,40925000,0.00058983411105663,0.000505741495727298,0.000493981083213946,0.000468629304865141,9.55749181504826e-05
"chr8",40950001,41050000,4.1e+07,0.000611109068269975,0.00052251448595402,0.000484228644834018,0.000477305602944837,0.000132436723550214
"chr8",41025001,41125000,41075000,0.000563843235637559,0.000481615380884403,0.000418120038086884,0.000430676500078508,0.000143548503201432
"chr8",41100001,41200000,41150000,0.000414257247487846,0.000411610787488951,0.000349151194390516,0.000356936212176296,7.03965796845054e-05
"chr8",41175001,41275000,41225000,0.000446495332260809,0.000480653093982196,0.000425534836772833,0.000405033093666037,0.000144225976988822
"chr8",41250001,41350000,41300000,0.000484150671519717,0.000547896021037442,0.00042928486277607,0.000446340798472777,0.00016123553388945
"chr8",41325001,41425000,41375000,0.000581080470523147,0.000558121231572038,0.000457870141739031,0.000507475450471042,0.000150171899962557
"chr8",41400001,41500000,41450000,0.000496432404922943,0.000476725982533199,0.000383454146842032,0.000408182426307831,0.000110676414545408
"chr8",41475001,41575000,41525000,0.000433168880051563,NA,NA,0.000879916825505876,NA
"chr8",41550001,41650000,41600000,0.000405285166494039,0.000429681472635126,0.000377460645626508,0.000329245205366697,0.000118886900595861
"chr8",41625001,41725000,41675000,0.000439371655781434,0.00042051544311026,0.000396115609242387,0.000361433730221533,8.77721126357881e-05
"chr8",41700001,41800000,41750000,0.000660173088029025,0.000591712400831692,0.000500245005344627,0.000495111623168218,9.5898382471819e-05
"chr8",41775001,41875000,41825000,0.00049479683041043,0.000447095004282571,0.000380560627837135,0.000377084130748562,0.00012411214661936
"chr8",41850001,41950000,41900000,0.000463603231780045,0.000451259196586746,0.000437282720288825,0.000395253404344665,0.00012831987527961
"chr8",41925001,42025000,41975000,0.000449972850195818,0.000391347388883944,0.000382921022043977,0.000380037509847663,0.000134676057487407
"chr8",42000001,42100000,42050000,0.000455865000183157,0.000439340090173813,0.000432161619575372,0.000384598679122223,0.000101356945728226
"chr8",42075001,42175000,42125000,0.000504292732188241,0.000538721110536903,0.000435851073004062,0.000416689007909793,0.000113362638075483
"chr8",42150001,42250000,42200000,0.000310629534532975,NA,NA,0.000253269128012046,NA
"chr8",42225001,42325000,42275000,0.000322603076487001,0.000325672785418006,0.000293005816015449,0.000273173265586019,4.74869180647975e-05
"chr8",42300001,42400000,42350000,0.000283384196630488,0.000291291712799503,0.000275710646222361,0.000247460007543108,6.54913324011523e-05
"chr8",42375001,42475000,42425000,0.000322105200750031,NA,NA,0.000642567462695548,NA
"chr8",42450001,42550000,42500000,0.000347266923811721,0.000340608890752645,0.000295666931034933,0.000288684478313994,8.97643383394282e-05
"chr8",42525001,42625000,42575000,0.00027732172807522,0.000266721616603335,0.000263212520255099,0.00023772247063862,5.74324484384533e-05
"chr8",42600001,42700000,42650000,0.000331313840597199,0.000333113920690185,0.00027136037131084,0.000269150344293215,5.1906929506652e-05
"chr8",42675001,42775000,42725000,0.000341658156883852,0.000361123410347086,0.000277677998943426,0.000263985175968856,5.37015222012359e-05
"chr8",42750001,42850000,42800000,0.000396234549181501,0.000369619505853981,0.000331761081529156,0.00028916167765022,6.84978567436561e-05
"chr8",42825001,42925000,42875000,0.000400195567721534,0.000384411496846165,0.000397980879031495,0.000343790869003274,8.74471302863264e-05
"chr8",42900001,4.3e+07,42950000,0.000316853226218205,0.000292992282535825,0.000285937520162738,0.000256742355574409,8.09672735860484e-05
"chr8",42975001,43075000,43025000,0.000376852792437423,0.000338724302889634,0.000314534732136367,0.000293615511039251,7.12843518580866e-05
"chr8",43050001,43150000,43100000,0.000317902013796707,0.000321554546941225,0.000315081217024759,0.000282991354509396,5.92768539678378e-05
"chr8",43125001,43225000,43175000,0.000555479858374921,0.000530425955812846,0.000502248687539395,0.000438728334198053,9.03620453290985e-05
"chr8",43200001,43300000,43250000,0.000539070771479215,0.000493859308462279,0.000441099845610872,0.00039865091901784,9.44709979565512e-05
"chr8",43275001,43375000,43325000,0.000492742788089202,0.000453963041166794,0.000417735974670483,0.000390712280988414,0.000136944159268426
"chr8",43350001,43450000,43400000,0.000332610240476613,0.000328956742720583,0.000310281377933119,0.000285844905200225,8.01251932454357e-05
"chr8",43425001,43525000,43475000,0.000331703727890314,0.000347924478123543,0.000333302881898274,0.000285687655965393,6.5542639356286e-05
"chr8",43500001,43600000,43550000,0.000327424992364804,0.00032588676726329,0.000322867837373627,0.000285460443043998,9.13404177347397e-05
"chr8",43575001,43675000,43625000,0.00021697282915167,0.0002288968398233,0.000208996378133815,0.000196242432065951,3.94276681792713e-05
"chr8",43650001,43750000,43700000,8.03434838177631e-05,NA,NA,7.51549487273979e-05,NA
"chr8",43725001,43825000,43775000,5.94882185693786e-05,6.35311242503648e-05,6.90623830408557e-05,5.99581402288641e-05,9.26389120486169e-06
"chr8",43800001,43900000,43850000,6.4671062376571e-05,8.88014818128642e-05,8.33373311687207e-05,0.000133311349141356,8.21101379071347e-06
"chr8",43875001,43975000,43925000,7.72894666523487e-05,8.05836414797506e-05,7.50005861216907e-05,0.000133844681425842,8.053240658254e-06
"chr8",43950001,44050000,4.4e+07,8.51813212949101e-05,0.000106469634248727,7.9795060014099e-05,6.93020702560962e-05,2.43176235344487e-05
"chr8",44025001,44125000,44075000,6.93729827964095e-05,8.34546346683297e-05,7.53221566862941e-05,6.03210155560651e-05,1.40010294441123e-05
"chr8",44100001,44200000,44150000,3.94583362732803e-05,4.35023619551651e-05,4.56034577870924e-05,3.78408825811403e-05,1.1947892241802e-05
"chr8",44175001,44275000,44225000,6.89501324352996e-05,7.63639820739527e-05,7.81324605648109e-05,0.000125404480401089,9.36916072321499e-06
"chr8",44250001,44350000,44300000,0.000125098405723368,0.000110079608264821,0.000120748368483587,0.00020866075024398,1.81073197682137e-05
"chr8",44325001,44425000,44375000,0.000137064403396334,0.000118169535432166,0.000135815858275964,0.00010205909153923,1.44752589663307e-05
"chr8",44400001,44500000,44450000,0.000222109788501467,NA,NA,0.00018339777613002,NA
"chr8",44475001,44575000,44525000,0.000257091111540069,0.000239497090735541,0.000259732930203116,0.000209499931049242,5.13806523521363e-05
"chr8",44550001,44650000,44600000,0.000248663083541754,0.000239619411639579,0.000259369444879388,0.00019993334794155,4.79035057048864e-05
"chr8",44625001,44725000,44675000,0.000259398347446811,0.000275139116775094,0.000264895285892418,0.000210078532745223,4.3904273312419e-05
"chr8",44700001,44800000,44750000,0.00028478865276142,NA,NA,0.000560929452933834,NA
"chr8",44775001,44875000,44825000,0.000353244448399842,0.00036746418965277,0.000340845518810203,0.000276358651353103,8.01305717663774e-05
"chr8",44850001,44950000,44900000,0.000315224042833156,0.000317450948909904,0.000303195187930908,0.000264972670694822,4.32225649375605e-05
"chr8",44925001,45025000,44975000,0.000386205241438884,NA,NA,0.000284004511866414,NA
"chr8",45000001,45100000,45050000,0.000401066386143448,0.000376451628261674,0.000336388100002358,0.000307227417016393,7.40778726393404e-05
"chr8",45075001,45175000,45125000,0.000441455855590288,0.000429637818717956,0.000387485332446031,0.000351037343846291,6.16035693423993e-05
"chr8",45150001,45250000,45200000,0.000355894409728763,NA,NA,0.000282703927607543,NA
"chr8",45225001,45325000,45275000,0.000503437754073656,0.000480255814887225,0.000412928681678391,0.000386598369375682,8.52486414320508e-05
"chr8",45300001,45400000,45350000,0.000437013742630257,NA,NA,NA,NA
"chr8",45375001,45475000,45425000,0.000545717017621937,0.000497569234585831,0.000482059048567447,0.000398024075791562,8.30912952706046e-05
"chr8",45450001,45550000,45500000,0.00047443614550405,0.000475227966206325,0.000406840981986312,0.000353951526961484,0.000140478034958707
"chr8",45525001,45625000,45575000,0.000428910349239747,0.000437827130237218,0.000368902165544127,0.000330475168816702,9.18202479652128e-05
"chr8",45600001,45700000,45650000,0.000563697209775144,NA,NA,0.000396436075035407,NA
"chr8",45675001,45775000,45725000,0.000500722318952432,NA,NA,0.000360140111645867,NA
"chr8",45750001,45850000,45800000,0.000487011253249048,0.000453057130619616,0.000397540396882591,0.000856620202804358,6.5289792693851e-05
"chr8",45825001,45925000,45875000,0.00046071078319313,0.000440194917627152,0.000375677297479821,0.000366317341373086,7.23932519380463e-05
"chr8",45900001,4.6e+07,45950000,0.00052252705052937,0.000452529445648992,0.000445611305231135,0.000398368696645879,6.80817418984833e-05
"chr8",45975001,46075000,46025000,0.0014679824880231,NA,NA,0.00122558154421998,NA
"chr8",46050001,46150000,46100000,0.000674507817883851,0.000633768598685357,0.000544773587026251,0.00050576285837382,0.000126069411163694
"chr8",46125001,46225000,46175000,0.000594371635635239,0.000531542237498003,0.000471008341672932,0.000453041964062147,0.000111061054353301
"chr8",46200001,46300000,46250000,NA,0.000495049987642674,0.000461650604359315,0.000441037566919749,0.000142285690604031
"chr8",46275001,46375000,46325000,0.000506083417064007,0.000447279690155294,0.000412008962071153,0.000370544011908881,8.71976017710802e-05
"chr8",46350001,46450000,46400000,0.000738482636380478,0.000685205605753202,0.000594898955873191,0.00053597516657996,0.000148459239038702
"chr8",46425001,46525000,46475000,0.00138649539382517,0.000621086448138749,0.000545202340948403,0.000501634143275906,0.000106525472409929
"chr8",46500001,46600000,46550000,0.0014280457059479,0.000619932449315143,0.000513458961535929,0.000477502005098708,0.000122590934116062
"chr8",46575001,46675000,46625000,NA,0.000475643777740702,0.00040683478252733,0.000413759629605001,7.71910381310038e-05
"chr8",46650001,46750000,46700000,0.000548964743543896,0.000467401347284768,0.000410210464717734,0.000933656150141612,0.000116575909635662
"chr8",46725001,46825000,46775000,0.000564674611387176,0.000481294850305461,0.000410276848496969,0.000421869857334643,9.59422181409042e-05
"chr8",46800001,46900000,46850000,0.000643926766363933,0.000500112089001169,0.000462724821900674,0.000444333166394742,0.000126807654168986
"chr8",46875001,46975000,46925000,0.00067072500470367,NA,NA,0.000465211693345237,NA
"chr8",46950001,47050000,4.7e+07,0.00124892451712083,NA,NA,0.000420897127271346,NA
"chr8",47025001,47125000,47075000,0.000624694684135441,0.000538638415839095,0.000471645732418659,0.0004374506498146,0.000127483257751717
"chr8",47100001,47200000,47150000,0.000546964765235618,0.000505000589862241,0.0004549273749193,0.000410520904150556,0.000142913170717734
"chr8",47175001,47275000,47225000,0.000566327314644694,NA,NA,0.000407601434343961,NA
"chr8",47250001,47350000,47300000,0.000582976274224722,0.00051131736595392,0.000393392353068914,0.000427748365050225,0.00010342100246757
"chr8",47325001,47425000,47375000,0.00055279738263883,NA,NA,0.000954397898209345,NA
"chr8",47400001,47500000,47450000,0.000557887305971639,NA,NA,0.000405493470569058,NA
"chr8",47475001,47575000,47525000,0.000653256619188573,0.000576830669830118,0.00049869483972411,0.000508741981962918,0.000172573858794139
"chr8",47550001,47650000,47600000,0.00131774392746222,NA,NA,0.00108909304594962,NA
"chr8",47625001,47725000,47675000,0.000554706832605601,0.000488145746611164,0.000394623967343896,0.000385802298637068,0.000103678512572981
"chr8",47700001,47800000,47750000,0.000576588214702951,0.000477605665859569,0.000452126066213566,0.0004161719196969,0.00014749472236396
"chr8",47775001,47875000,47825000,0.00121319114596322,0.000505460531090954,0.000430503695937408,0.000432210586837544,0.000105366725967264
"chr8",47850001,47950000,47900000,0.000639489561195565,0.000619233961828843,0.000483086267604101,0.00112420511228438,0.000116215072552538
"chr8",47925001,48025000,47975000,0.000565333180732681,0.00050900784687718,0.000458534939608302,0.000422044458530689,0.000134537667492814
"chr8",48000001,48100000,48050000,0.00054084007156126,0.000474128267871876,0.00042500145540298,NA,0.000100359139339819
"chr8",48075001,48175000,48125000,0.000518855772556976,0.000480213531084776,0.000392867836561271,0.000397585549185501,0.000119270437739884
"chr8",48150001,48250000,48200000,0.000571133078015608,0.000494294535631701,0.0003806524204588,0.000417943232005118,0.000142607834931326
"chr8",48225001,48325000,48275000,0.000466506778468222,0.00042875201852143,0.000324477394227533,0.000345521716420392,9.40950734094273e-05
"chr8",48300001,48400000,48350000,0.000419320900229684,0.000380267745225305,0.000343755089992944,0.0003321452826529,0.000106933975983187
"chr8",48375001,48475000,48425000,0.00027902281942361,0.000255937432979607,0.000215970037716875,0.000209154426826596,4.85357189463917e-05
"chr8",48450001,48550000,48500000,0.000230122137572962,0.000213802698540644,0.000194181030887143,0.000178181563797845,3.47950555436472e-05
"chr8",48525001,48625000,48575000,0.00021309077921191,0.000195243258673465,0.000225150714739268,0.000196227493315432,5.25906861631588e-05
"chr8",48600001,48700000,48650000,0.000139438520930636,0.000164715940206242,0.000131618207903401,0.00013216242298867,2.22661439018243e-05
"chr8",48675001,48775000,48725000,8.44702091932723e-05,0.000106920091687921,9.58875897104272e-05,8.6557708865917e-05,1.13692647717541e-05
"chr8",48750001,48850000,48800000,NA,0.000144329624859532,0.000151314192869988,NA,7.79034005202789e-06
"chr8",48825001,48925000,48875000,0.000392008373041429,NA,NA,0.000153361658678241,NA
"chr8",48900001,4.9e+07,48950000,0.000200541137597111,NA,NA,NA,NA
"chr8",48975001,49075000,49025000,0.000189383243937505,0.000209856933353772,0.000181839145131933,NA,4.99036643450057e-05
"chr8",49050001,49150000,49100000,0.000223010009481417,0.000203204243411395,0.000199837774444079,0.000183782685348634,4.16391419304633e-05
"chr8",49125001,49225000,49175000,0.000163905887895699,0.000158608126175592,0.000138135221024584,0.000127722400612087,2.67932529430467e-05
"chr8",49200001,49300000,49250000,0.000268934133931628,0.000240448531862867,0.000214262817284488,0.00021051088554092,5.70648765000785e-05
"chr8",49275001,49375000,49325000,0.0006481062279402,0.000224160477457969,0.000217902987993612,0.000212459723514203,5.86472315848088e-05
"chr8",49350001,49450000,49400000,0.000198391787828417,0.000186161053740555,0.000147199495307057,0.00015114930039495,3.65333782683358e-05
"chr8",49425001,49525000,49475000,0.00028945917909738,0.000250843645958208,0.000178446696958747,0.000211246130771073,1.66896768346812e-05
"chr8",49500001,49600000,49550000,0.000283814004749547,0.00022125626026518,0.000150928119346418,0.000207078413882983,2.29537930669226e-05
"chr8",49575001,49675000,49625000,0.000260654488487635,0.000160505732465762,0.000132526957947044,0.000195759753315414,2.94275111958783e-05
"chr8",49650001,49693984,49671992,0.000232717357945865,0.000141628950462118,0.000155031038529357,0.000180608994571676,3.11219324996406e-05
